EntryNo,Pancard,Adharcard,OfficeId,VoterID,Driving,ElectricityBill,TeleBill,RationCard,Passport,Remarks
MEM1701-00034,1,1,-1,1,-1,-1,-1,-1,-1,
MEM1801-000204,1,1,1,2,2,2,2,2,2,
MEM1801-000218,1,1,1,-1,-1,-1,-1,-1,-1,
MEM1801-000219,1,1,1,-1,-1,-1,-1,-1,-1,
MEM1801-000055,1,1,1,-1,-1,-1,-1,-1,-1,
MEM1801-000056,1,1,1,-1,-1,-1,-1,-1,-1,
MEM1801-000054,1,1,1,-1,-1,-1,-1,-1,-1,
MEM1801-000220,1,1,1,1,-1,-1,-1,-1,-1,
MEM1801-000046,1,1,1,-1,-1,-1,-1,-1,-1,
MEM1801-000057,1,1,-1,-1,-1,-1,-1,-1,-1,
MEM1801-000065,1,1,1,-1,-1,-1,-1,-1,-1,
MEM1801-000062,1,1,1,-1,-1,-1,-1,-1,-1,
MEM1801-000073,1,1,1,-1,-1,-1,-1,-1,-1,
MEM1801-000072,1,2,1,-1,-1,-1,-1,-1,-1,
MEM1801-000061,1,1,1,-1,-1,-1,-1,-1,-1,
MEM1801-000068,1,1,-1,-1,-1,1,-1,1,-1,
MEM1801-000067,1,1,1,-1,-1,-1,-1,1,-1,
MEM1801-000078,1,1,1,-1,-1,-1,-1,-1,-1,
MEM1801-000077,1,1,1,-1,-1,-1,-1,-1,-1,
MEM1801-000080,1,1,-1,-1,-1,-1,-1,-1,-1,
MEM1801-000082,1,1,1,-1,-1,-1,-1,1,-1,
MEM1801-000081,1,1,1,-1,-1,-1,-1,-1,-1,
MEM1801-000086,1,1,1,-1,-1,-1,-1,1,-1,
MEM1801-000087,1,1,1,-1,-1,-1,-1,-1,-1,
MEM1801-000088,1,1,1,-1,-1,-1,-1,-1,-1,
MEM1801-000084,1,1,1,-1,-1,-1,-1,-1,-1,
MEM1801-000106,1,1,1,1,-1,-1,-1,-1,-1,
MEM1801-000100,2,1,1,-1,-1,-1,-1,-1,-1,
MEM1801-000102,1,1,1,-1,-1,-1,-1,-1,-1,
MEM1801-000114,1,1,1,-1,-1,-1,-1,-1,-1,
MEM1801-000103,1,1,1,-1,-1,-1,-1,1,-1,
MEM1801-000099,1,1,1,-1,-1,-1,-1,-1,-1,
MEM1801-000098,1,1,1,-1,-1,-1,-1,-1,-1,
MEM1801-000221,1,1,1,-1,-1,-1,-1,-1,-1,
MEM1801-000093,1,1,1,-1,-1,-1,-1,-1,-1,
MEM1801-000095,1,1,1,2,-1,-1,-1,-1,-1,
MEM1801-000091,1,1,1,-1,1,-1,-1,-1,-1,
6817,1,-1,-1,-1,-1,-1,-1,-1,1,
6819,1,1,1,-1,-1,-1,-1,-1,-1,
6821,1,1,1,-1,-1,-1,-1,-1,-1,
6822,1,1,1,-1,-1,-1,-1,-1,-1,
6823,1,1,1,-1,-1,-1,-1,-1,-1,
6826,1,1,1,1,-1,-1,-1,-1,-1,
6828,1,1,1,-1,-1,-1,-1,-1,-1,
6829,1,1,1,-1,-1,-1,-1,-1,-1,
6830,1,1,1,-1,-1,-1,-1,-1,-1,
6831,1,1,1,-1,-1,-1,-1,-1,-1,
6833,1,1,1,-1,-1,-1,-1,-1,-1,
6834,1,1,1,-1,-1,1,-1,-1,-1,
6836,1,1,1,-1,-1,-1,-1,-1,-1,
6837,1,1,1,1,-1,-1,-1,-1,-1,
6838,1,1,1,1,-1,-1,-1,-1,-1,
6839,1,1,1,-1,-1,-1,-1,-1,-1,
6841,1,1,1,-1,-1,-1,-1,-1,-1,
6843,1,1,1,-1,-1,-1,-1,-1,-1,
6844,1,1,1,-1,-1,-1,-1,-1,-1,
6846,1,-1,-1,-1,1,-1,-1,-1,-1,
6847,1,1,1,-1,-1,-1,-1,-1,-1,
6849,1,1,1,-1,-1,-1,-1,-1,-1,
6852,1,1,1,-1,-1,-1,-1,1,-1,
6855,1,-1,1,-1,-1,-1,-1,-1,-1,
6856,1,1,1,-1,-1,-1,-1,-1,-1,
MEM1801-000246,1,1,-1,-1,-1,-1,-1,-1,-1,
6857,1,1,1,-1,-1,-1,-1,1,-1,
6859,1,1,1,-1,-1,-1,-1,-1,-1,
6860,1,1,1,-1,-1,-1,-1,-1,-1,
6861,1,1,1,1,-1,-1,-1,-1,-1,
6863,1,1,1,-1,-1,-1,-1,-1,-1,
6864,1,1,-1,-1,-1,-1,-1,-1,-1,
6866,1,1,1,1,-1,-1,-1,-1,-1,
6867,1,1,1,-1,-1,-1,-1,-1,-1,
6869,1,-1,1,-1,-1,-1,-1,-1,-1,
6871,-1,-1,1,-1,-1,-1,-1,-1,-1,
6874,1,1,1,-1,-1,-1,-1,-1,-1,
6875,1,1,1,-1,-1,-1,-1,-1,-1,
6878,1,1,-1,-1,-1,-1,-1,-1,-1,
6879,1,1,-1,-1,-1,-1,-1,-1,-1,
6880,1,1,1,-1,-1,-1,-1,-1,-1,
6882,1,1,1,-1,-1,-1,-1,-1,-1,
6884,1,1,1,-1,-1,-1,-1,-1,-1,
6885,1,1,1,-1,-1,-1,-1,-1,-1,
6886,1,1,1,-1,-1,-1,-1,-1,-1,
6888,1,1,1,-1,-1,-1,-1,-1,-1,
6890,1,1,1,-1,-1,-1,-1,-1,-1,
6894,1,1,1,-1,-1,-1,-1,-1,-1,
6895,1,1,1,-1,-1,-1,-1,-1,-1,
6896,1,1,1,-1,-1,-1,-1,-1,-1,
6898,1,1,-1,-1,-1,-1,-1,-1,-1,
6901,1,1,1,-1,-1,-1,-1,-1,-1,
6902,2,1,1,-1,-1,-1,-1,-1,-1,
6903,1,1,1,-1,-1,-1,-1,-1,-1,
6905,1,1,1,-1,-1,-1,-1,-1,-1,
6908,1,1,1,-1,-1,-1,-1,-1,-1,
6910,1,1,1,-1,1,-1,-1,-1,-1,
6912,-1,1,1,-1,-1,-1,-1,-1,-1,
MEM1801-000352,1,1,1,-1,-1,-1,-1,-1,-1,
MEM1801-000151,1,1,1,-1,-1,-1,-1,-1,-1,
MEM1801-000192,1,1,-1,-1,-1,-1,-1,-1,-1,
MEM1801-000190,1,1,1,1,-1,-1,-1,-1,-1,
MEM1801-000187,1,1,1,-1,-1,-1,-1,-1,-1,
MEM1801-000188,1,1,1,-1,-1,-1,-1,-1,-1,
MEM1801-000186,1,1,1,-1,-1,-1,-1,-1,-1,
MEM1801-000184,-1,1,1,-1,-1,-1,-1,-1,-1,
MEM1801-000178,1,1,1,-1,-1,-1,-1,-1,-1,
MEM1801-000172,1,1,1,-1,-1,-1,-1,-1,-1,
MEM1801-000170,1,1,1,1,-1,-1,-1,-1,-1,
MEM1801-000152,1,1,1,-1,-1,-1,-1,-1,-1,
MEM1801-000160,1,1,1,-1,-1,-1,-1,-1,-1,
MEM1801-000148,1,1,1,-1,-1,-1,-1,-1,-1,
MEM1801-000154,1,1,1,1,-1,-1,-1,-1,-1,
MEM1801-000162,1,1,1,-1,-1,-1,-1,-1,-1,
MEM1901-000010,1,1,1,-1,-1,-1,-1,-1,-1,
MEM1801-000135,1,1,1,-1,-1,-1,-1,-1,-1,
MEM1801-000109,1,1,1,-1,-1,-1,-1,-1,-1,
MEM1801-000125,1,1,1,-1,-1,-1,-1,-1,-1,
MEM1801-000126,1,1,1,-1,-1,-1,-1,-1,-1,
MEM1801-000127,1,1,1,-1,-1,-1,-1,-1,-1,
MEM1801-000107,1,1,1,-1,-1,-1,-1,-1,-1,
MEM1801-000111,1,1,1,-1,-1,-1,-1,-1,-1,
MEM1801-000122,1,1,1,-1,-1,-1,-1,-1,-1,
MEM1801-000118,1,1,1,-1,-1,-1,-1,-1,-1,
MEM1801-000117,1,1,1,-1,-1,-1,-1,-1,-1,
MEM1801-000133,1,1,1,-1,-1,-1,-1,-1,-1,
MEM1801-000136,1,1,1,-1,-1,-1,-1,-1,-1,
MEM1901-000063,1,1,1,-1,-1,-1,-1,-1,-1,
MEM1801-000120,1,1,1,-1,-1,-1,-1,-1,-1,
MEM1801-000305,1,1,1,-1,-1,-1,-1,-1,-1,
MEM1801-000134,1,1,1,-1,-1,-1,-1,-1,-1,
MEM1801-000313,1,1,1,-1,-1,-1,-1,-1,-1,
MEM1801-000309,1,1,1,-1,-1,-1,-1,-1,-1,
MEM1801-000316,1,1,1,-1,-1,-1,-1,-1,-1,
MEM1801-000323,1,1,1,-1,-1,-1,-1,-1,-1,
MEM1801-000308,1,1,1,-1,-1,-1,-1,-1,-1,
7395,1,1,1,-1,-1,-1,-1,-1,-1,
MEM1801-000322,1,1,1,-1,-1,-1,-1,-1,-1,
MEM1801-000320,2,1,1,-1,-1,-1,-1,-1,-1,
MEM1801-000130,1,1,1,-1,-1,-1,-1,-1,-1,
MEM1801-000321,1,1,-1,-1,-1,-1,-1,-1,-1,
MEM1801-000326,1,1,1,-1,-1,-1,-1,-1,-1,
MEM1801-000307,1,1,1,-1,-1,-1,-1,-1,-1,
MEM1801-000318,1,1,1,-1,-1,-1,-1,-1,-1,
MEM1801-000312,1,1,1,-1,-1,-1,-1,-1,-1,
MEM1801-000310,1,1,1,-1,-1,-1,-1,-1,-1,
MEM1801-000311,1,1,1,-1,-1,-1,-1,-1,-1,
8172,1,1,1,-1,-1,-1,-1,-1,-1,
MEM1901-000079,1,1,1,2,2,2,2,2,2,
MEM1801-000058,1,1,1,-1,-1,-1,-1,-1,-1,
MEM1801-000042,1,1,1,-1,-1,-1,-1,-1,-1,
MEM1801-000066,1,1,1,-1,1,-1,-1,-1,-1,
MEM1801-000071,1,1,1,-1,-1,-1,-1,-1,-1,
MEM1801-000070,1,1,1,-1,-1,-1,-1,-1,-1,
MEM1801-000064,1,1,1,1,-1,-1,-1,-1,-1,
MEM1801-000079,1,1,1,-1,-1,-1,-1,-1,-1,
MEM1801-000083,1,1,1,-1,-1,-1,-1,-1,-1,
MEM1801-000097,1,1,1,-1,-1,-1,-1,-1,-1,
6851,1,1,1,-1,-1,-1,-1,-1,-1,
6892,1,1,1,-1,-1,-1,-1,-1,-1,
6906,1,1,1,-1,-1,-1,-1,-1,-1,
MEM1801-000191,1,1,1,-1,-1,-1,-1,-1,-1,
MEM1801-000180,1,1,1,-1,1,-1,-1,-1,-1,
MEM1801-000149,1,1,1,-1,-1,-1,-1,-1,-1,
MEM1801-000110,1,1,1,-1,1,-1,-1,-1,-1,
MEM1801-000315,1,1,1,-1,-1,-1,-1,-1,-1,
MEM1801-000059,1,1,-1,-1,-1,-1,-1,-1,-1,
MEM1801-000069,1,1,1,-1,-1,-1,-1,-1,-1,
MEM1801-000075,1,1,1,-1,-1,-1,-1,-1,-1,
6827,1,1,1,-1,-1,-1,-1,-1,-1,
6862,1,1,1,-1,-1,-1,-1,-1,-1,
6887,1,1,-1,-1,-1,-1,-1,-1,-1,
MEM1801-000150,1,1,1,-1,-1,-1,-1,-1,-1,
MEM1801-000116,1,1,1,-1,-1,-1,-1,-1,-1,
MEM1801-000074,1,1,1,1,-1,-1,-1,-1,-1,
MEM1801-000094,1,1,1,-1,-1,-1,-1,-1,-1,
6842,1,1,-1,-1,-1,-1,-1,-1,-1,
6865,1,1,1,-1,-1,-1,-1,-1,-1,
6868,1,1,1,-1,-1,-1,-1,-1,-1,
6891,1,1,-1,-1,-1,1,-1,-1,-1,
6904,1,1,1,-1,-1,-1,-1,-1,-1,
MEM1801-000189,1,1,1,-1,-1,-1,-1,-1,-1,
MEM1801-000112,1,1,1,-1,-1,1,-1,1,-1,
MEM1801-000123,1,1,1,-1,-1,-1,-1,-1,-1,
MEM1801-000325,1,1,1,-1,-1,-1,-1,-1,-1,
MEM1801-000327,1,1,1,-1,-1,-1,-1,-1,-1,
MEM1801-000115,1,1,1,-1,-1,-1,-1,-1,-1,
MEM1801-000096,1,1,1,1,-1,1,-1,1,-1,
6818,1,1,-1,-1,-1,-1,-1,-1,-1,
6832,1,1,1,-1,-1,-1,-1,-1,-1,
6877,1,1,1,-1,-1,-1,-1,-1,-1,
6911,1,1,1,-1,-1,-1,-1,-1,-1,
MEM1801-000176,1,1,1,-1,-1,-1,-1,-1,-1,
MEM1801-000119,1,1,1,-1,-1,-1,-1,-1,-1,
MEM1801-000121,1,-1,1,1,1,-1,-1,-1,-1,
MEM1801-000128,1,1,1,-1,-1,-1,-1,-1,-1,
MEM1801-000140,1,1,1,-1,-1,-1,-1,-1,-1,
MEM1801-000314,1,1,1,-1,-1,-1,-1,-1,-1,
MEM1801-000101,1,1,1,-1,-1,-1,-1,-1,-1,
6913,1,1,1,-1,-1,-1,-1,-1,-1,
6825,1,1,1,-1,-1,-1,-1,-1,-1,
6835,1,1,1,-1,-1,1,-1,1,-1,
6845,-1,1,-1,-1,-1,-1,-1,-1,-1,
6853,1,1,1,-1,-1,-1,-1,-1,-1,
6872,1,1,1,-1,-1,-1,-1,-1,-1,
6881,1,1,-1,-1,-1,-1,-1,-1,-1,
6899,1,-1,1,-1,-1,-1,-1,-1,-1,
MEM1801-000183,1,1,1,1,-1,-1,-1,-1,-1,
MEM1801-000175,1,1,1,1,-1,-1,-1,-1,-1,
MEM1801-000166,1,1,1,-1,-1,-1,-1,-1,-1,
MEM1901-000020,1,1,2,2,2,2,2,2,2,
MEM1901-000073,1,1,1,-1,-1,-1,-1,-1,-1,
MEM1801-000306,1,1,1,-1,-1,-1,-1,-1,-1,
MEM1801-000092,1,1,1,-1,-1,-1,-1,-1,-1,
6820,1,1,-1,-1,-1,-1,-1,-1,-1,
6824,1,1,1,-1,-1,-1,-1,-1,-1,
6840,1,1,1,-1,-1,-1,-1,-1,-1,
6848,1,1,1,-1,1,-1,-1,-1,-1,
6854,1,1,1,-1,-1,-1,-1,-1,-1,
6873,1,1,1,-1,-1,-1,-1,-1,-1,
6900,2,1,1,-1,-1,-1,-1,-1,-1,
6909,1,1,1,-1,-1,-1,-1,-1,-1,
MEM1801-000185,1,1,1,-1,-1,-1,-1,-1,-1,
MEM1801-000108,1,1,1,2,-1,-1,-1,-1,-1,
MEM1801-000113,1,1,1,1,-1,-1,-1,-1,-1,
MEM1801-000132,1,1,1,-1,-1,-1,-1,-1,-1,
MEM1801-000131,1,1,1,-1,-1,-1,-1,-1,-1,
6850,1,1,1,-1,-1,-1,-1,-1,-1,
6280,1,-1,-1,-1,-1,-1,-1,-1,-1,
6858,1,1,1,-1,-1,-1,-1,-1,-1,
6870,1,1,1,-1,-1,-1,-1,-1,-1,
6876,1,1,1,-1,-1,-1,-1,-1,-1,
6889,1,1,1,-1,-1,-1,-1,-1,-1,
6897,1,1,1,-1,-1,-1,-1,-1,-1,
MEM1801-000174,1,1,1,-1,-1,-1,-1,-1,-1,
MEM1801-000169,1,1,1,-1,-1,-1,-1,-1,-1,
MEM1801-000157,1,1,1,1,-1,-1,-1,-1,-1,
MEM1801-000124,1,1,1,-1,-1,-1,-1,-1,-1,
6883,-1,1,1,-1,-1,-1,-1,-1,-1,
6893,1,1,1,-1,-1,-1,-1,-1,-1,
6907,1,1,1,-1,-1,-1,-1,-1,-1,
MEM1801-000182,1,1,1,-1,-1,-1,-1,-1,-1,
MEM1801-000177,1,1,-1,-1,-1,-1,-1,-1,-1,
MEM1801-000167,1,1,1,-1,-1,-1,-1,-1,-1,
MEM1801-000155,1,1,1,-1,-1,-1,-1,-1,-1,
MEM1901-000019,1,-1,-1,-1,-1,-1,-1,-1,-1,
MEM1801-000319,1,1,1,-1,-1,-1,-1,-1,-1,
MEM1901-001007,1,1,-1,-1,-1,-1,-1,-1,-1,
MEM1901-001008,-1,1,1,-1,-1,-1,-1,-1,-1,
MEM1901-001011,1,1,1,-1,-1,-1,-1,-1,-1,
MEM1901-001012,1,1,1,-1,-1,-1,-1,-1,-1,
MEM1901-001014,1,1,1,-1,-1,-1,-1,1,-1,
MEM1901-001015,1,1,1,-1,-1,-1,-1,1,-1,
MEM1801-000206,1,1,-1,-1,-1,-1,-1,-1,-1,
MEM1801-000205,1,1,-1,-1,-1,-1,-1,-1,-1,
MEM1801-000208,1,1,-1,-1,-1,-1,-1,1,-1,
MEM1901-000207,1,1,1,-1,-1,-1,-1,-1,-1,
MEM1901-000205,1,1,1,-1,-1,-1,-1,-1,-1,
MEM1901-000206,1,1,1,-1,-1,-1,-1,-1,-1,
MEM1901-000204,1,1,1,-1,-1,-1,-1,-1,-1,
MEM1901-000005,1,1,-1,-1,-1,-1,-1,-1,-1,
MEM1901-000004,1,1,1,-1,-1,-1,-1,-1,-1,
MEM1901-000003,1,1,-1,1,-1,1,-1,-1,-1,
MEM1901-000002,1,1,-1,-1,-1,-1,-1,-1,-1,
MEM1901-000208,1,-1,1,-1,-1,-1,-1,-1,-1,
MEM1901-000007,1,1,-1,-1,-1,-1,-1,-1,-1,
3846,2,1,1,-1,-1,-1,-1,-1,-1,
3847,1,1,1,-1,-1,-1,-1,-1,-1,
2097,1,1,1,-1,-1,-1,-1,-1,-1,
MEM1901-001028,1,1,1,-1,-1,-1,-1,-1,-1,
MEM1901-001029,1,1,1,1,-1,-1,-1,-1,-1,
MEM1901-001030,1,1,-1,1,1,-1,-1,-1,-1,
MEM1901-001031,1,-1,1,-1,-1,-1,-1,-1,-1,
4615,1,1,1,-1,-1,-1,-1,-1,-1,
4617,1,1,1,-1,-1,-1,-1,-1,-1,
4619,1,1,1,-1,-1,-1,-1,-1,-1,
4625,-1,-1,1,-1,-1,-1,-1,-1,-1,
4627,1,-1,1,-1,-1,-1,-1,-1,-1,
4628,1,1,1,-1,-1,-1,-1,-1,-1,
4630,1,1,1,-1,-1,-1,-1,-1,-1,
4632,1,-1,1,-1,-1,-1,-1,-1,-1,
4638,1,1,1,-1,-1,-1,-1,-1,-1,
4639,1,1,1,-1,-1,-1,-1,-1,-1,
4642,2,1,1,-1,-1,-1,-1,-1,-1,
4665,1,1,1,-1,-1,-1,-1,-1,-1,
4644,1,1,1,-1,-1,-1,-1,-1,-1,
4645,1,1,1,-1,-1,-1,-1,-1,-1,
4650,1,1,1,-1,-1,-1,-1,-1,-1,
4655,1,1,1,-1,-1,-1,-1,-1,-1,
2099,1,-1,1,-1,-1,-1,-1,-1,-1,
2102,1,1,1,-1,-1,-1,-1,-1,-1,
2103,1,1,1,-1,-1,-1,-1,-1,-1,
4189,1,1,1,-1,-1,-1,-1,-1,-1,
4191,1,1,1,-1,-1,-1,-1,-1,-1,
4450,1,1,1,-1,-1,-1,-1,-1,-1,
3993,1,1,1,-1,-1,-1,-1,-1,-1,
4458,1,1,1,-1,-1,-1,-1,-1,-1,
3994,1,-1,1,-1,-1,-1,-1,-1,-1,
3995,1,1,1,-1,-1,-1,-1,-1,-1,
4459,1,1,1,-1,-1,-1,-1,-1,-1,
3996,1,1,1,-1,-1,-1,-1,-1,-1,
4460,1,1,1,-1,-1,-1,-1,-1,-1,
4659,1,1,1,-1,-1,-1,-1,-1,-1,
1700,1,1,1,-1,-1,-1,-1,-1,-1,
4662,1,1,1,-1,-1,-1,-1,-1,-1,
4663,1,1,1,-1,-1,-1,-1,-1,-1,
1703,1,1,1,-1,-1,-1,-1,-1,-1,
4001,1,1,1,-1,-1,-1,-1,-1,-1,
1704,1,1,1,-1,-1,-1,-1,-1,-1,
4011,2,1,1,-1,-1,-1,-1,-1,-1,
4669,1,1,1,-1,-1,-1,-1,-1,-1,
1706,1,1,1,-1,-1,-1,-1,-1,-1,
4670,1,1,1,-1,-1,-1,-1,-1,-1,
4672,1,1,1,-1,-1,-1,-1,-1,-1,
1709,1,1,1,-1,-1,-1,-1,-1,-1,
1710,1,1,1,-1,-1,-1,-1,-1,-1,
1714,1,1,1,-1,-1,-1,-1,-1,-1,
3757,1,1,1,-1,-1,-1,-1,-1,-1,
3758,1,2,1,-1,-1,-1,-1,-1,-1,
3755,2,1,1,-1,-1,-1,-1,-1,-1,
3759,1,1,1,-1,-1,-1,-1,-1,-1,
3748,1,-1,1,-1,-1,-1,-1,-1,-1,
3750,-1,-1,1,-1,-1,-1,-1,-1,-1,
3788,1,-1,1,-1,-1,-1,-1,-1,-1,
3753,-1,1,1,-1,-1,-1,-1,-1,-1,
3761,1,1,1,-1,-1,-1,-1,-1,-1,
3791,1,1,1,-1,-1,-1,-1,-1,-1,
3762,1,1,1,-1,-1,-1,-1,-1,-1,
3809,1,1,1,-1,-1,-1,-1,-1,-1,
3811,1,1,1,-1,-1,-1,-1,-1,-1,
1353,1,1,1,-1,-1,-1,-1,-1,-1,
3819,1,1,1,-1,-1,-1,-1,-1,-1,
3820,1,1,1,-1,-1,-1,-1,-1,-1,
3821,1,1,1,-1,-1,-1,-1,-1,-1,
3822,1,1,1,-1,-1,-1,-1,-1,-1,
3879,1,1,1,-1,-1,-1,-1,-1,-1,
3848,1,1,1,-1,-1,-1,-1,-1,-1,
3850,1,1,1,-1,-1,-1,-1,-1,-1,
3880,1,1,1,-1,-1,-1,-1,-1,-1,
3851,1,1,1,-1,-1,-1,-1,-1,-1,
3882,1,1,1,-1,-1,-1,-1,-1,-1,
3853,2,2,1,-1,-1,-1,-1,-1,-1,
3890,1,1,1,-1,-1,-1,-1,-1,-1,
3854,2,2,1,-1,-1,-1,-1,-1,-1,
3885,1,1,1,-1,-1,-1,-1,-1,-1,
3857,1,1,1,-1,-1,-1,-1,-1,-1,
3891,1,1,1,-1,-1,-1,-1,-1,-1,
3860,1,1,1,-1,-1,-1,-1,-1,-1,
3868,1,1,1,-1,-1,-1,-1,-1,-1,
3869,1,1,1,-1,-1,-1,-1,-1,-1,
3900,1,1,1,-1,-1,-1,-1,-1,-1,
3901,1,1,1,-1,-1,-1,-1,-1,-1,
3902,1,1,1,-1,-1,-1,-1,-1,-1,
2147,1,1,1,-1,-1,-1,-1,-1,-1,
3881,1,1,1,-1,-1,-1,-1,-1,-1,
3772,1,1,1,-1,-1,-1,-1,-1,-1,
3773,1,1,1,-1,-1,-1,-1,-1,-1,
3904,1,1,1,-1,-1,-1,-1,-1,-1,
3774,1,1,1,-1,-1,-1,-1,-1,-1,
2028,1,1,1,-1,-1,-1,-1,-1,-1,
3776,-1,1,1,-1,-1,-1,-1,-1,-1,
3908,1,1,1,-1,-1,-1,-1,-1,-1,
3778,1,1,1,-1,-1,-1,-1,-1,-1,
3781,1,1,1,-1,-1,-1,-1,-1,-1,
2030,1,1,1,-1,-1,-1,-1,-1,-1,
3780,-1,-1,1,-1,-1,-1,-1,-1,-1,
1426,1,1,1,-1,-1,-1,-1,-1,-1,
3911,1,1,1,-1,-1,-1,-1,-1,-1,
3782,-1,-1,1,-1,-1,-1,-1,-1,-1,
2033,1,1,1,-1,-1,-1,-1,-1,-1,
3783,1,1,1,-1,-1,-1,-1,-1,-1,
3784,1,1,1,-1,-1,-1,-1,-1,-1,
3913,1,1,1,-1,-1,-1,-1,-1,-1,
3785,1,1,1,-1,-1,-1,-1,-1,-1,
3786,1,1,1,-1,-1,-1,-1,-1,-1,
3787,1,1,1,-1,-1,-1,-1,-1,-1,
2037,1,1,1,-1,-1,-1,-1,-1,-1,
3915,1,1,1,-1,-1,-1,-1,-1,-1,
3789,1,-1,1,-1,-1,-1,-1,-1,-1,
3917,1,1,1,-1,-1,-1,-1,-1,-1,
3919,1,1,1,-1,-1,-1,-1,-1,-1,
3792,1,1,1,-1,-1,-1,-1,-1,-1,
3922,1,1,1,-1,-1,-1,-1,-1,-1,
3721,1,1,1,-1,-1,-1,-1,-1,-1,
3926,1,1,1,-1,-1,-1,-1,-1,-1,
MEM1801-000207,1,1,1,-1,-1,-1,-1,1,-1,
4621,1,1,1,-1,-1,-1,-1,-1,-1,
4634,-1,-1,1,-1,-1,-1,-1,-1,-1,
4640,1,1,1,-1,-1,-1,-1,-1,-1,
2106,1,1,1,-1,-1,-1,-1,-1,-1,
3992,1,1,1,-1,-1,-1,-1,-1,-1,
4457,1,1,1,-1,-1,-1,-1,-1,-1,
3751,1,1,1,-1,-1,-1,-1,-1,-1,
3823,1,1,1,-1,-1,-1,-1,-1,-1,
3892,1,1,1,-1,-1,-1,-1,-1,-1,
3793,1,1,1,-1,-1,-1,-1,-1,-1,
3920,1,1,1,-1,-1,-1,-1,-1,-1,
3717,1,1,1,-1,-1,-1,-1,-1,-1,
3796,1,1,1,-1,-1,-1,-1,-1,-1,
3927,1,1,1,-1,-1,-1,-1,-1,-1,
3859,2,2,1,-1,-1,-1,-1,-1,-1,
3972,1,1,1,-1,-1,-1,-1,-1,-1,
3929,1,1,1,-1,-1,-1,-1,-1,-1,
3931,1,1,1,-1,-1,-1,-1,-1,-1,
3802,-1,-1,1,-1,-1,-1,-1,-1,-1,
3865,1,1,1,-1,-1,-1,-1,-1,-1,
4042,1,1,1,-1,-1,-1,-1,-1,-1,
4044,-1,1,1,-1,-1,-1,-1,-1,-1,
3655,1,1,1,-1,-1,-1,-1,-1,-1,
3936,1,1,1,-1,-1,-1,-1,-1,-1,
3664,2,1,1,-1,-1,-1,-1,-1,-1,
3667,1,1,1,-1,-1,-1,-1,-1,-1,
3669,2,2,1,-1,-1,-1,-1,-1,-1,
3665,1,1,1,-1,-1,-1,-1,-1,-1,
3670,1,1,1,-1,-1,-1,-1,-1,-1,
3671,2,2,1,-1,-1,-1,-1,-1,-1,
3828,1,1,1,-1,-1,-1,-1,-1,-1,
3675,2,2,1,-1,-1,-1,-1,-1,-1,
3830,-1,1,-1,-1,-1,-1,-1,-1,-1,
5045,1,1,1,-1,-1,-1,-1,-1,-1,
3948,1,1,1,-1,-1,-1,-1,-1,-1,
3875,1,1,1,-1,-1,-1,-1,-1,-1,
4039,1,1,1,-1,-1,-1,-1,-1,-1,
3951,1,-1,1,-1,-1,-1,-1,-1,-1,
4040,1,1,1,-1,-1,-1,-1,-1,-1,
3924,1,1,1,-1,-1,-1,-1,-1,-1,
3952,1,1,1,-1,-1,-1,-1,-1,-1,
3876,1,1,1,-1,-1,-1,-1,-1,-1,
3953,1,1,1,-1,-1,-1,-1,-1,-1,
3680,1,1,1,-1,-1,-1,-1,-1,-1,
3681,1,1,1,-1,-1,-1,-1,-1,-1,
3958,1,1,1,-1,-1,-1,-1,-1,-1,
3959,2,1,1,-1,-1,-1,-1,-1,-1,
3960,1,1,1,-1,-1,-1,-1,-1,-1,
3962,1,1,1,-1,-1,-1,-1,-1,-1,
3835,1,1,1,-1,-1,-1,-1,-1,-1,
3963,1,1,1,-1,-1,-1,-1,-1,-1,
3836,1,1,1,-1,-1,-1,-1,-1,-1,
3965,1,1,1,-1,-1,-1,-1,-1,-1,
3839,1,1,1,-1,-1,-1,-1,-1,-1,
3969,2,1,1,-1,-1,-1,-1,-1,-1,
3840,1,1,1,-1,-1,-1,-1,-1,-1,
3970,1,1,1,-1,-1,-1,-1,-1,-1,
3687,1,1,1,-1,-1,-1,-1,-1,-1,
3973,1,1,1,-1,-1,-1,-1,-1,-1,
3974,1,1,1,-1,-1,-1,-1,-1,-1,
659,1,1,1,-1,-1,-1,-1,-1,-1,
3982,1,1,1,-1,-1,-1,-1,-1,-1,
3983,1,1,1,-1,-1,-1,-1,-1,-1,
3986,1,1,1,-1,-1,-1,-1,-1,-1,
2109,1,1,1,-1,-1,-1,-1,-1,-1,
2041,1,1,1,-1,-1,-1,-1,-1,-1,
2110,1,1,1,-1,-1,-1,-1,-1,-1,
2111,1,1,1,-1,-1,-1,-1,-1,-1,
2112,1,1,1,-1,-1,-1,-1,-1,-1,
2043,1,1,1,-1,-1,-1,-1,-1,-1,
3697,1,-1,1,-1,-1,-1,-1,-1,-1,
2113,1,1,1,-1,-1,-1,-1,-1,-1,
2044,1,1,1,-1,-1,-1,-1,-1,-1,
2045,1,1,1,-1,-1,-1,-1,-1,-1,
2114,-1,-1,1,-1,-1,-1,-1,-1,-1,
3699,1,1,1,-1,-1,-1,-1,-1,-1,
2117,1,1,1,-1,-1,-1,-1,-1,-1,
2121,1,1,1,-1,-1,-1,-1,-1,-1,
2122,1,1,1,-1,-1,-1,-1,-1,-1,
2127,1,-1,1,-1,-1,-1,-1,-1,-1,
2128,1,1,1,-1,-1,-1,-1,-1,-1,
2131,1,1,1,-1,-1,-1,-1,-1,-1,
2136,1,1,1,-1,-1,-1,-1,-1,-1,
2138,1,1,1,-1,-1,-1,-1,-1,-1,
2141,1,1,1,-1,-1,-1,-1,-1,-1,
2148,1,1,1,-1,-1,-1,-1,-1,-1,
2150,1,1,1,-1,-1,-1,-1,-1,-1,
2152,1,1,1,-1,-1,-1,-1,-1,-1,
2155,1,1,1,-1,-1,-1,-1,-1,-1,
2156,-1,-1,1,-1,-1,-1,-1,-1,-1,
2157,1,1,1,-1,-1,-1,-1,-1,-1,
2159,1,1,1,-1,-1,-1,-1,-1,-1,
2161,1,1,1,-1,-1,-1,-1,-1,-1,
2162,1,1,1,-1,-1,-1,-1,-1,-1,
2165,-1,-1,1,-1,-1,-1,-1,-1,-1,
2166,1,1,1,-1,-1,-1,-1,-1,-1,
2168,-1,-1,1,-1,-1,-1,-1,-1,-1,
2169,1,1,1,-1,-1,-1,-1,-1,-1,
2171,1,1,1,-1,-1,-1,-1,-1,-1,
2172,1,1,1,-1,-1,-1,-1,-1,-1,
2174,1,1,1,-1,-1,-1,-1,-1,-1,
2048,1,1,1,-1,-1,-1,-1,-1,-1,
2176,1,1,1,-1,-1,-1,-1,-1,-1,
3705,1,-1,1,-1,-1,-1,-1,-1,-1,
2180,1,1,1,-1,-1,-1,-1,-1,-1,
2181,1,1,1,-1,-1,-1,-1,-1,-1,
3708,1,-1,1,-1,-1,-1,-1,-1,-1,
2182,1,1,1,-1,-1,-1,-1,-1,-1,
2054,1,2,1,-1,-1,-1,-1,-1,-1,
2185,1,1,1,-1,-1,-1,-1,-1,-1,
2055,2,1,1,-1,-1,-1,-1,-1,-1,
3714,1,1,1,-1,-1,-1,-1,-1,-1,
2057,1,1,1,-1,-1,-1,-1,-1,-1,
2188,-1,-1,1,-1,-1,-1,-1,-1,-1,
2189,1,1,1,-1,-1,-1,-1,-1,-1,
2092,2,2,1,-1,-1,-1,-1,-1,-1,
2079,1,1,1,-1,-1,-1,-1,-1,-1,
2192,1,1,1,-1,-1,-1,-1,-1,-1,
4014,1,1,1,-1,-1,-1,-1,-1,-1,
2059,1,1,1,-1,-1,-1,-1,-1,-1,
4016,1,1,1,-1,-1,-1,-1,-1,-1,
2194,1,1,1,-1,-1,-1,-1,-1,-1,
3556,1,1,1,-1,-1,-1,-1,-1,-1,
2063,1,1,1,-1,-1,-1,-1,-1,-1,
2196,1,1,1,-1,-1,-1,-1,-1,-1,
2065,1,1,1,-1,-1,-1,-1,-1,-1,
4022,1,1,1,-1,-1,-1,-1,-1,-1,
4023,1,1,1,-1,-1,-1,-1,-1,-1,
2066,1,1,1,-1,-1,-1,-1,-1,-1,
4024,1,1,1,-1,-1,-1,-1,-1,-1,
4025,1,1,1,-1,-1,-1,-1,-1,-1,
2068,1,1,1,-1,-1,-1,-1,-1,-1,
2071,1,1,1,-1,-1,-1,-1,-1,-1,
4028,-1,1,1,-1,-1,-1,-1,-1,-1,
2075,1,1,1,-1,-1,-1,-1,-1,-1,
2076,1,1,1,-1,-1,-1,-1,-1,-1,
4036,1,1,1,-1,-1,-1,-1,-1,-1,
2077,1,1,1,-1,-1,-1,-1,-1,-1,
4037,1,1,1,-1,-1,-1,-1,-1,-1,
2081,1,1,1,-1,-1,-1,-1,-1,-1,
4035,1,1,1,-1,-1,-1,-1,-1,-1,
2083,1,1,1,-1,-1,-1,-1,-1,-1,
4033,1,1,1,-1,-1,-1,-1,-1,-1,
2085,1,1,1,-1,-1,-1,-1,-1,-1,
1348,1,1,1,-1,-1,-1,-1,-1,-1,
2086,1,1,1,-1,-1,-1,-1,-1,-1,
4195,1,1,1,-1,-1,-1,-1,-1,-1,
2089,2,2,1,-1,-1,-1,-1,-1,-1,
2091,1,1,1,-1,-1,-1,-1,-1,-1,
1227,1,1,1,-1,-1,-1,-1,-1,-1,
2286,2,1,1,-1,-1,-1,-1,-1,-1,
2288,2,2,1,-1,-1,-1,-1,-1,-1,
2291,2,2,1,-1,-1,-1,-1,-1,-1,
4196,2,2,1,-1,-1,-1,-1,-1,-1,
4197,1,1,1,-1,-1,-1,-1,-1,-1,
4199,1,1,1,-1,-1,-1,-1,-1,-1,
4200,2,1,1,-1,-1,-1,-1,-1,-1,
4201,1,1,1,-1,-1,-1,-1,-1,-1,
4003,1,1,1,-1,-1,-1,-1,-1,-1,
4202,2,2,1,-1,-1,-1,-1,-1,-1,
4006,1,1,1,-1,-1,-1,-1,-1,-1,
4206,1,1,1,-1,-1,-1,-1,-1,-1,
4207,1,1,1,-1,-1,-1,-1,-1,-1,
4208,1,1,1,-1,-1,-1,-1,-1,-1,
3630,1,-1,1,-1,-1,-1,-1,-1,-1,
4209,1,2,1,-1,-1,-1,-1,-1,-1,
3631,1,1,1,-1,-1,-1,-1,-1,-1,
4211,1,1,1,-1,-1,-1,-1,-1,-1,
3633,1,1,1,-1,-1,-1,-1,-1,-1,
3632,1,1,1,-1,-1,-1,-1,-1,-1,
3634,1,1,1,-1,-1,-1,-1,-1,-1,
3635,1,1,1,-1,-1,-1,-1,-1,-1,
1552,1,1,1,-1,-1,-1,-1,-1,-1,
MEM1901-001056,1,1,1,-1,-1,-1,-1,-1,-1,
MEM1901-001057,-1,-1,1,-1,-1,-1,-1,-1,-1,
MEM1901-001052,1,1,1,-1,-1,-1,-1,-1,-1,
MEM1901-001081,1,1,-1,-1,-1,-1,-1,-1,-1,
MEM1901-001105,1,1,1,-1,-1,-1,-1,-1,-1,
MEM1901-001107,1,1,1,-1,-1,-1,-1,-1,-1,
MEM1901-001108,1,1,-1,-1,-1,-1,-1,-1,-1,
MEM1901-001109,1,1,1,-1,-1,-1,-1,-1,-1,
MEM1901-001112,1,1,-1,-1,-1,-1,-1,-1,-1,
MEM1901-001118,1,1,-1,-1,-1,-1,-1,-1,-1,
MEM1901-001123,1,1,-1,-1,-1,-1,-1,1,-1,
MEM1901-001133,1,1,2,-1,-1,-1,-1,-1,-1,
MEM1901-001143,1,1,-1,-1,-1,-1,-1,-1,-1,
MEM1901-001145,1,1,-1,-1,-1,-1,-1,-1,-1,
MEM1901-001146,1,-1,1,-1,1,-1,-1,-1,-1,
MEM1901-001147,1,1,-1,-1,1,-1,-1,-1,-1,
MEM1901-001148,1,1,1,-1,-1,-1,-1,-1,-1,
MEM1901-001151,1,1,1,-1,-1,-1,-1,-1,-1,
MEM1901-001096,1,1,1,-1,-1,-1,-1,-1,-1,
MEM1901-001180,1,1,1,2,2,2,2,2,2,
MEM1901-001182,1,1,1,2,2,2,2,2,2,
MEM1901-001185,1,1,1,-1,-1,-1,-1,-1,-1,
MEM1901-001188,1,1,1,2,2,2,2,2,2,
MEM1901-001089,1,1,1,-1,-1,-1,-1,-1,-1,
MEM1901-001090,1,2,1,1,-1,-1,-1,-1,-1,
MEM1901-001126,1,-1,-1,-1,-1,-1,-1,-1,-1,
MEM1901-001173,1,1,2,2,2,2,2,2,2,
MEM1901-001100,1,1,1,2,2,2,2,2,2,
MEM1901-001175,1,1,2,2,2,2,2,2,2,
MEM1901-001170,1,1,2,2,2,2,2,2,2,
MEM1901-001033,1,1,2,2,2,2,2,2,2,
MEM1901-000006,1,1,1,1,-1,-1,-1,-1,-1,
MEM1901-001025,1,1,2,2,2,2,2,2,2,
MEM1901-001026,1,1,2,2,2,2,2,2,2,
4616,1,1,1,-1,-1,-1,-1,-1,-1,
4664,1,1,1,-1,-1,-1,-1,-1,-1,
4656,1,1,1,-1,-1,-1,-1,-1,-1,
2101,1,1,1,-1,-1,-1,-1,-1,-1,
4190,1,1,1,-1,-1,-1,-1,-1,-1,
3989,1,1,1,-1,-1,-1,-1,-1,-1,
4000,1,1,1,-1,-1,-1,-1,-1,-1,
4002,1,1,1,-1,-1,-1,-1,-1,-1,
3813,1,-1,1,-1,-1,-1,-1,-1,-1,
3818,1,1,1,-1,-1,-1,-1,-1,-1,
3826,1,-1,1,-1,-1,-1,-1,-1,-1,
3877,1,1,1,-1,-1,-1,-1,-1,-1,
3856,1,1,1,-1,-1,-1,-1,-1,-1,
3866,1,1,1,-1,-1,-1,-1,-1,-1,
4136,1,1,1,-1,-1,-1,-1,-1,-1,
3954,1,1,1,-1,-1,-1,-1,-1,-1,
3700,1,1,1,-1,-1,-1,-1,-1,-1,
2115,1,1,1,-1,-1,-1,-1,-1,-1,
2120,1,1,1,-1,-1,-1,-1,-1,-1,
2133,1,1,1,-1,-1,-1,-1,-1,-1,
2139,1,1,1,-1,-1,-1,-1,-1,-1,
2149,1,-1,1,-1,-1,-1,-1,-1,-1,
2163,1,1,1,-1,-1,-1,-1,-1,-1,
3698,1,1,1,-1,-1,-1,-1,-1,-1,
2052,1,1,1,-1,-1,-1,-1,-1,-1,
2056,1,1,1,-1,-1,-1,-1,-1,-1,
2190,1,1,1,-1,-1,-1,-1,-1,-1,
4018,1,1,1,-1,-1,-1,-1,-1,-1,
4027,1,1,1,-1,-1,-1,-1,-1,-1,
4220,1,1,1,-1,-1,-1,-1,-1,-1,
MEM1901-001064,1,1,-1,-1,-1,-1,-1,-1,-1,
MEM1901-001134,1,-1,1,-1,-1,-1,-1,-1,-1,
MEM1901-001135,1,1,1,-1,-1,-1,-1,-1,-1,
MEM1901-001155,1,1,1,-1,-1,-1,-1,-1,-1,
MEM1901-001156,1,1,1,-1,-1,-1,-1,-1,-1,
MEM1901-001093,1,1,-1,-1,-1,-1,-1,-1,-1,
MEM1901-001091,1,1,1,-1,-1,-1,-1,-1,-1,
MEM1901-001183,1,1,1,2,2,2,2,2,2,
MEM1901-001184,1,1,1,2,2,2,2,2,2,
MEM1901-001177,1,1,-1,-1,-1,-1,-1,-1,-1,
MEM1901-001159,1,1,-1,-1,-1,-1,-1,-1,-1,
MEM1901-001174,1,1,2,2,2,2,2,2,2,
MEM1901-001044,1,1,1,2,2,2,2,2,2,
8290,1,1,2,1,2,2,2,2,2,
MEM1901-001047,1,1,-1,-1,-1,-1,-1,-1,-1,
MEM1901-001018,1,1,-1,-1,-1,-1,-1,-1,-1,
MEM1901-001019,1,1,-1,-1,-1,-1,-1,-1,-1,
MEM1901-001111,1,1,-1,-1,-1,-1,-1,-1,-1,
MEM1801-000343,1,1,-1,-1,-1,-1,-1,-1,-1,
MEM1801-000301,1,1,-1,-1,-1,-1,-1,-1,-1,
MEM1801-000302,1,1,-1,-1,-1,-1,-1,-1,-1,
MEM1801-000300,1,1,1,-1,-1,-1,-1,-1,-1,
MEM1801-000299,1,1,-1,-1,-1,-1,-1,-1,-1,
MEM1901-001292,1,1,2,2,2,2,2,2,2,
MEM1901-001295,1,1,2,2,2,2,2,2,2,
MEM1901-001187,1,1,-1,-1,-1,1,-1,-1,-1,
MEM1901-001190,1,1,1,-1,-1,-1,-1,-1,-1,
MEM1901-001191,1,1,1,-1,-1,-1,-1,-1,-1,
MEM1901-001193,1,1,1,-1,-1,-1,-1,-1,-1,
MEM1901-001214,1,1,1,-1,-1,-1,-1,-1,-1,
MEM1901-001195,1,1,1,-1,-1,-1,-1,-1,-1,
MEM1901-001196,1,1,1,-1,-1,-1,-1,-1,-1,
MEM1901-001226,1,1,1,-1,-1,-1,-1,-1,-1,
MEM1901-001322,1,1,1,-1,-1,-1,-1,-1,-1,
MEM1901-001255,1,1,1,-1,-1,-1,-1,-1,-1,
MEM1901-001225,1,1,1,-1,-1,-1,-1,-1,-1,
MEM1901-001329,1,1,1,-1,-1,-1,-1,-1,-1,
MEM1901-001328,1,1,1,-1,-1,-1,-1,-1,-1,
MEM1901-001331,1,1,1,-1,-1,-1,-1,-1,-1,
MEM1901-001336,1,1,1,2,2,2,2,2,2,
MEM1901-001337,1,1,1,2,2,2,2,2,2,
MEM1901-001345,1,1,1,-1,-1,-1,-1,-1,-1,
MEM1801-000243,1,1,-1,-1,-1,-1,-1,-1,-1,
MEM1901-001368,1,1,1,-1,-1,-1,-1,-1,-1,
MEM1901-001253,1,1,1,2,2,2,2,2,2,
MEM1901-001254,1,1,1,2,2,2,2,2,2,
MEM1901-001252,1,1,1,1,2,2,2,2,2,
MEM1901-001382,-1,1,1,1,-1,-1,-1,-1,-1,
MEM1901-001397,1,1,-1,-1,-1,-1,-1,-1,-1,
MEM1901-001405,1,1,2,2,2,2,2,2,2,
MEM1901-001406,1,1,-1,1,-1,-1,-1,-1,-1,
MEM1901-001407,1,1,1,-1,-1,-1,-1,-1,-1,
MEM1901-001412,1,1,1,-1,-1,-1,-1,-1,-1,
MEM1901-001427,1,1,1,-1,-1,-1,-1,1,-1,
MEM1901-001244,-1,1,1,-1,-1,-1,-1,-1,-1,
MEM1901-001241,1,1,1,-1,-1,-1,-1,-1,-1,
MEM1901-001239,1,1,1,-1,-1,-1,-1,-1,-1,
MEM1901-001238,1,1,1,-1,-1,-1,-1,-1,-1,
MEM1901-001237,1,1,1,-1,-1,-1,-1,-1,-1,
MEM1901-001399,1,1,2,2,2,2,2,2,2,
MEM1901-001398,1,1,-1,-1,-1,-1,-1,-1,-1,
MEM1901-001444,1,1,1,-1,-1,-1,-1,-1,-1,
MEM1901-001449,1,1,-1,-1,-1,-1,-1,-1,-1,
MEM1901-001455,1,1,-1,-1,-1,-1,-1,-1,-1,
MEM1901-001315,1,1,2,2,2,2,2,2,2,
MEM1901-001366,1,1,1,-1,-1,-1,-1,-1,-1,
MEM1901-001367,1,1,2,1,2,2,2,2,2,
MEM1901-001408,1,1,1,-1,-1,-1,-1,-1,-1,
MEM1901-001409,1,1,1,-1,-1,-1,-1,-1,-1,
MEM1901-001471,1,1,1,-1,-1,-1,-1,-1,-1,
MEM1901-001479,1,1,1,-1,-1,-1,-1,-1,-1,
MEM1901-001480,1,1,1,-1,-1,-1,-1,-1,-1,
MEM1901-001414,1,1,1,2,2,2,2,2,2,
MEM1901-001416,1,1,1,2,2,2,2,2,2,
MEM1901-001417,1,1,1,2,2,2,2,2,2,
MEM1901-001418,1,1,1,2,2,2,2,2,2,
MEM1901-001419,1,1,1,2,2,2,2,2,2,
MEM1901-001402,1,1,1,2,2,2,2,2,2,
MEM1901-001403,2,1,2,2,1,2,2,2,2,
MEM1901-001404,1,1,1,2,2,2,2,2,2,
MEM1901-001393,1,1,1,2,2,2,2,2,2,
MEM1901-001189,1,1,1,2,2,2,2,2,2,
MEM1901-001497,1,1,1,-1,-1,-1,-1,-1,-1,
MEM1901-001498,1,1,1,-1,-1,-1,-1,-1,-1,
MEM1901-001517,1,1,1,-1,-1,-1,-1,-1,-1,
MEM1901-001519,1,1,1,-1,-1,-1,-1,-1,-1,
MEM1901-001527,1,1,1,-1,-1,-1,-1,-1,1,
MEM1901-001530,1,1,1,-1,-1,-1,-1,-1,-1,
MEM2001-000001,1,1,1,-1,1,-1,-1,-1,-1,
MEM2001-000005,1,1,-1,-1,-1,-1,-1,-1,-1,
MEM2001-000038,1,1,-1,-1,-1,-1,-1,-1,-1,
MEM2001-000040,1,1,1,-1,-1,-1,-1,-1,-1,
MEM2001-000044,1,1,1,-1,-1,-1,-1,-1,-1,
MEM2001-000045,1,1,1,-1,-1,-1,-1,-1,-1,
MEM2001-000046,1,1,1,-1,-1,-1,-1,-1,-1,
MEM2001-000051,1,1,-1,-1,-1,-1,-1,-1,-1,
MEM2001-000052,1,1,-1,-1,-1,-1,-1,-1,-1,
MEM1901-001526,1,1,2,1,2,2,2,2,2,
MEM2001-000057,1,1,1,1,-1,-1,-1,-1,-1,
MEM2001-000066,1,1,1,2,2,2,2,2,2,
MEM2001-000070,1,1,-1,-1,-1,-1,-1,-1,-1,
MEM2001-000071,1,1,1,1,-1,-1,-1,-1,-1,
MEM2001-000074,1,1,2,1,-1,-1,-1,-1,-1,
MEM2001-000075,1,1,1,-1,-1,-1,-1,1,-1,
MEM2001-000076,1,1,-1,-1,-1,-1,-1,-1,-1,
MEM2001-000079,1,1,1,-1,-1,-1,-1,-1,-1,
MEM1901-001475,1,2,1,2,2,2,2,2,1,
MEM1901-001472,1,1,2,2,1,2,2,2,2,
MEM2001-000083,1,1,-1,-1,-1,-1,-1,-1,-1,
MEM2101-000001,1,1,1,1,1,2,2,2,2,test
MEM2101-000206,1,1,1,-1,-1,-1,-1,-1,-1,
28972,1,1,1,-1,-1,-1,-1,-1,-1,
MEM2101-000216,1,1,-1,-1,-1,-1,-1,-1,-1,
MEM2201-000004,1,1,1,2,2,2,2,2,2,
MEM2201-000008,1,1,1,-1,-1,-1,-1,-1,-1,"BANK PASSBOOK ,SALARY SLIP"
MEM2201-000020,1,1,1,2,2,2,2,2,2,
MEM2201-000026,1,1,1,-1,-1,1,-1,-1,-1,
MEM2201-000034,1,1,1,-1,-1,-1,-1,-1,-1,SALARY SLIP
MEM2201-000044,1,2,1,-1,-1,1,-1,-1,-1,
MEM2201-000046,1,1,1,-1,-1,-1,-1,-1,-1,
MEM2201-000049,1,1,-1,-1,-1,-1,-1,-1,-1,
MEM2201-000053,1,1,1,-1,-1,-1,-1,1,-1,
MEM2201-000062,1,1,1,-1,-1,-1,-1,1,-1,
MEM2201-000068,1,1,1,2,2,2,2,2,2,DOCUMENTS SUBMITTED
MEM2201-000071,1,1,1,-1,-1,1,-1,-1,-1,
MEM2201-000077,1,1,1,-1,-1,-1,-1,-1,-1,
MEM2201-000079,1,1,-1,-1,-1,-1,-1,-1,-1,
35465,1,1,1,-1,-1,-1,-1,-1,-1,
MEM2201-000081,1,1,1,-1,-1,1,-1,-1,-1,
MEM2201-000083,1,1,-1,-1,-1,-1,-1,-1,-1,
MEM2201-000087,1,1,-1,-1,-1,-1,-1,-1,-1,
MEM2201-000089,1,1,-1,-1,-1,-1,-1,-1,-1,
MEM2201-000093,1,1,1,2,2,2,2,2,2,
MEM2201-000094,1,1,1,-1,-1,-1,-1,-1,-1,
MEM2201-000099,1,1,1,-1,-1,-1,-1,-1,-1,
MEM2201-000102,1,1,1,-1,-1,-1,-1,-1,-1,
MEM2201-000104,1,1,1,-1,-1,-1,-1,-1,-1,
MEM2201-000106,1,1,1,-1,-1,-1,-1,-1,-1,
MEM2201-000115,1,1,1,-1,-1,-1,-1,-1,-1,
MEM2201-000116,1,1,-1,-1,-1,-1,-1,1,-1,
MEM1901-000209,1,1,1,-1,-1,-1,-1,-1,-1,
4647,1,1,1,-1,-1,-1,-1,-1,-1,
2105,1,1,1,-1,-1,-1,-1,-1,-1,
3862,1,1,1,-1,-1,-1,-1,-1,-1,
2031,1,1,1,-1,-1,-1,-1,-1,-1,
2040,1,1,1,-1,-1,-1,-1,-1,-1,
3722,1,1,1,-1,-1,-1,-1,-1,-1,
3797,1,1,1,-1,-1,-1,-1,-1,-1,
3663,1,1,1,-1,-1,-1,-1,-1,-1,
3957,2,2,1,-1,-1,-1,-1,-1,-1,
3837,1,1,1,-1,-1,-1,-1,-1,-1,
3842,1,1,1,-1,-1,-1,-1,-1,-1,
3688,1,1,1,-1,-1,-1,-1,-1,-1,
3975,2,1,1,-1,-1,-1,-1,-1,-1,
2116,1,-1,1,-1,-1,-1,-1,-1,-1,
2129,1,1,1,-1,-1,-1,-1,-1,-1,
3710,1,1,1,-1,-1,-1,-1,-1,-1,
2183,1,-1,1,-1,-1,-1,-1,-1,-1,
2095,1,1,1,-1,-1,-1,-1,-1,-1,
2193,2,1,1,-1,-1,-1,-1,-1,-1,
2060,1,1,1,-1,-1,-1,-1,-1,-1,
4020,1,1,1,-1,-1,-1,-1,-1,-1,
2064,1,1,1,-1,-1,-1,-1,-1,-1,
4021,1,1,1,-1,-1,-1,-1,-1,-1,
2069,2,2,1,-1,-1,-1,-1,-1,-1,
2084,1,1,1,-1,-1,-1,-1,-1,-1,
2290,1,1,1,-1,-1,-1,-1,-1,-1,
4205,1,1,1,-1,-1,-1,-1,-1,-1,
4210,2,2,1,-1,-1,-1,-1,-1,-1,
MEM1901-001152,1,1,1,-1,-1,-1,-1,-1,-1,
MEM1801-000349,1,1,2,2,2,2,2,2,2,
MEM1901-001410,1,1,1,-1,-1,-1,-1,-1,-1,
MEM1901-001289,1,1,1,-1,-1,-1,-1,-1,-1,
MEM1901-001287,2,1,1,-1,-1,-1,-1,-1,-1,
MEM1901-001394,1,1,1,2,2,2,2,2,2,
MEM1901-001442,1,1,1,-1,-1,-1,-1,-1,-1,
MEM1901-001413,2,1,1,2,1,2,2,2,2,
MEM2001-000053,1,1,1,-1,-1,-1,-1,-1,-1,
MEM2001-000081,-1,-1,-1,-1,-1,-1,-1,-1,-1,
MEM1801-000021,1,1,2,2,2,2,2,2,2,
MEM2201-000009,1,1,1,-1,-1,-1,-1,-1,-1,
MEM2201-000011,1,1,1,-1,-1,-1,-1,-1,-1,
MEM2201-000012,1,1,1,-1,-1,1,-1,-1,-1,
MEM2201-000031,1,1,1,2,2,2,2,2,2,
MEM2201-000035,1,1,1,-1,-1,-1,-1,-1,-1,
MEM2201-000036,1,1,1,-1,-1,-1,-1,-1,-1,
MEM2201-000043,1,1,-1,-1,-1,1,-1,-1,-1,
MEM2201-000050,1,-1,1,-1,-1,1,-1,-1,-1,
MEM2201-000067,1,1,1,-1,-1,1,-1,-1,-1,
MEM2201-000075,1,1,1,-1,-1,1,-1,-1,-1,
MEM2201-000086,1,1,1,2,2,1,2,2,2,ALL REQ. DOCUMENT SUBMITTED
MEM2201-000096,1,1,-1,-1,-1,1,-1,-1,-1,
MEM2201-000097,1,1,-1,-1,-1,-1,-1,-1,-1,
MEM2201-000107,1,1,1,2,2,2,2,2,2,
MEM2201-000108,2,1,1,-1,-1,-1,-1,-1,-1,
MEM2201-000118,-1,1,-1,-1,-1,-1,-1,-1,-1,
MEM2201-000119,1,1,-1,-1,-1,-1,-1,-1,-1,
MEM2201-000121,1,1,1,-1,-1,1,-1,-1,-1,
MEM2201-000128,2,1,1,-1,-1,-1,-1,1,-1,
MEM2201-000130,1,1,-1,2,2,2,-1,-1,-1,
MEM2201-000131,1,1,1,2,2,2,2,2,-1,
58127,1,1,-1,-1,-1,-1,-1,-1,-1,
MEM2201-000140,1,1,-1,-1,-1,-1,-1,-1,-1,
MEM2201-000141,1,1,1,-1,-1,-1,-1,-1,-1,
MEM2201-000145,1,1,-1,-1,-1,-1,-1,-1,-1,
MEM2201-000146,1,1,-1,-1,-1,-1,-1,-1,-1,
MEM2201-000147,1,1,-1,-1,-1,-1,-1,-1,-1,
MEM2201-000149,1,1,-1,-1,-1,-1,-1,1,-1,
MEM2201-000150,1,1,1,-1,-1,1,-1,-1,-1,
MEM2201-000151,1,1,1,-1,-1,-1,-1,-1,-1,
MEM2201-000152,1,1,-1,-1,-1,-1,-1,-1,-1,
MEM2201-000156,1,1,-1,-1,-1,-1,-1,-1,-1,
MEM2201-000165,1,1,1,-1,-1,1,-1,1,-1,
MEM2201-000166,1,1,1,2,2,2,2,2,2,
MEM2201-000167,1,1,1,2,2,1,2,-1,-1,
MEM2201-000169,1,1,1,2,2,2,2,2,2,NEW MEMBERSHIP FORM
MEM2201-000170,-1,1,1,-1,-1,-1,-1,-1,-1,
MEM2201-000174,1,1,1,-1,-1,1,-1,1,-1,NEW MEMBERSHIP
MEM2201-000175,1,1,1,-1,-1,1,-1,-1,-1,
MEM2201-000178,1,1,1,2,2,1,2,2,2,
MEM2201-000197,1,1,1,1,-1,-1,-1,-1,-1,
MEM2201-000198,1,1,1,-1,-1,-1,-1,-1,-1,
MEM2201-000199,1,1,-1,-1,-1,-1,-1,-1,-1,
MEM2201-000211,1,1,1,2,2,2,2,2,2,
MEM2201-000212,1,1,1,2,2,2,2,1,-1,
MEM2201-000214,1,1,1,2,2,1,2,2,-1,
MEM2201-000215,1,1,1,2,2,2,-1,-1,-1,
MEM2201-000216,1,1,1,2,2,2,2,2,2,
MEM2201-000217,1,1,1,2,2,1,2,2,2,
MEM2201-000218,1,2,1,2,2,1,2,2,-1,
MEM2201-000220,1,1,1,-1,-1,-1,-1,-1,-1,
MEM2201-000221,1,1,1,2,2,1,2,1,2,
MEM2201-000222,1,1,1,2,2,2,2,1,1,
MEM2201-000224,1,1,1,2,2,1,2,2,2,
MEM2201-000227,1,1,1,2,2,2,2,2,2,
MEM2201-000228,1,1,1,2,2,2,2,2,2,
MEM2201-000229,1,1,1,-1,-1,-1,-1,-1,-1,
MEM2201-000230,1,1,1,-1,-1,-1,-1,-1,-1,
MEM2201-000231,1,1,1,-1,-1,-1,-1,-1,-1,
MEM2201-000232,1,1,1,-1,-1,-1,-1,-1,-1,
MEM2201-000236,1,1,2,2,-1,1,-1,1,-1,
MEM2201-000239,1,1,1,-1,-1,-1,-1,-1,-1,
MEM2201-000244,1,1,1,1,2,-1,-1,-1,-1,
MEM2201-000245,1,1,1,2,2,2,2,2,2,
MEM2201-000247,1,1,1,-1,-1,1,-1,-1,-1,
MEM2201-000249,1,1,1,-1,-1,1,-1,1,-1,
MEM2201-000251,1,1,1,2,2,-1,-1,-1,-1,
MEM2201-000252,1,1,1,-1,-1,-1,-1,-1,-1,
MEM2201-000254,1,1,1,-1,-1,-1,-1,-1,-1,
MEM2201-000255,1,1,1,-1,-1,-1,-1,-1,-1,
MEM2201-000256,1,1,1,2,2,2,2,2,2,
MEM2201-000258,1,1,1,-1,-1,-1,-1,-1,-1,
MEM2201-000260,1,1,1,-1,-1,-1,-1,-1,-1,
MEM2201-000262,1,1,-1,-1,-1,-1,-1,-1,-1,
MEM2201-000263,1,1,1,-1,-1,1,-1,-1,-1,
MEM2201-000264,2,1,1,2,-1,-1,-1,-1,-1,
MEM2201-000265,1,1,-1,-1,-1,1,-1,-1,-1,
MEM2201-000267,1,1,1,2,-1,-1,-1,-1,-1,
MEM2201-000269,1,1,1,2,2,1,2,2,2,
MEM2301-000001,1,1,1,-1,-1,-1,-1,-1,-1,
MEM2301-000002,1,1,1,-1,-1,-1,-1,-1,-1,
MEM2301-000003,1,1,1,-1,-1,-1,-1,-1,-1,
MEM2301-000004,1,1,1,-1,-1,-1,-1,-1,-1,
MEM2301-000005,1,1,1,2,-1,-1,-1,-1,-1,
MEM2301-000006,1,1,1,-1,-1,-1,-1,-1,-1,
MEM2301-000008,1,1,1,-1,-1,-1,-1,-1,-1,
MEM2301-000009,1,1,1,-1,-1,-1,-1,-1,-1,
MEM2301-000011,1,1,1,2,2,1,2,2,2,
MEM2301-000012,1,1,1,-1,-1,-1,-1,-1,-1,
MEM2301-000013,1,1,1,2,2,2,2,2,2,
MEM2301-000015,1,1,1,-1,-1,-1,-1,-1,-1,
MEM2301-000017,1,1,1,-1,-1,-1,-1,-1,-1,
MEM2301-000020,1,-1,1,-1,-1,1,-1,-1,-1,NEW MEMBER
MEM2301-000021,1,1,1,-1,-1,-1,-1,-1,-1,
MEM2301-000022,1,1,1,2,2,2,2,2,2,
MEM2301-000030,2,1,1,2,2,2,2,2,2,
MEM2301-000031,1,1,1,-1,-1,-1,-1,-1,-1,new member
MEM2301-000032,1,1,1,-1,-1,-1,-1,-1,-1,
MEM2301-000034,1,1,1,2,2,2,2,2,2,
MEM2301-000038,1,1,1,-1,-1,-1,-1,1,-1,
MEM2301-000040,1,1,1,-1,-1,-1,-1,-1,-1,NEW MEMBER
MEM2301-000051,1,1,1,-1,-1,-1,-1,-1,-1,
MEM2301-000052,1,1,1,-1,-1,-1,-1,-1,-1,
MEM2301-000055,1,1,1,-1,-1,-1,-1,-1,-1,
MEM2301-000054,1,1,1,2,2,2,2,1,-1,
MEM2301-000057,1,1,1,-1,-1,1,-1,-1,-1,NE MEMBER
MEM2301-000061,1,1,1,-1,-1,-1,-1,-1,-1,
51101,1,1,1,-1,-1,1,-1,-1,-1,
MEM2301-000066,1,1,1,-1,-1,-1,-1,-1,-1,
MEM2301-000068,1,1,1,-1,-1,-1,-1,-1,-1,
MEM2301-000069,1,1,1,-1,-1,-1,-1,-1,-1,
MEM2301-000073,1,1,1,-1,-1,-1,-1,-1,-1,
MEM2301-000075,1,1,1,-1,-1,-1,-1,-1,-1,
MEM2301-000076,1,1,1,-1,-1,-1,-1,-1,-1,
MEM2301-000078,1,1,1,-1,-1,-1,-1,-1,-1,
MEM2301-000080,1,1,1,-1,-1,-1,-1,-1,-1,
MEM2301-000081,1,1,1,-1,-1,-1,-1,-1,-1,
MEM2301-000083,2,1,1,-1,-1,-1,-1,-1,-1,
MEM2301-000084,1,1,1,-1,-1,1,-1,-1,-1,
MEM2301-000088,1,1,-1,-1,-1,1,1,-1,-1,
MEM2301-000090,1,1,1,-1,-1,-1,-1,-1,-1,
MEM2301-000093,1,1,-1,-1,-1,-1,-1,-1,-1,
MEM2301-000094,1,1,1,-1,-1,-1,-1,-1,-1,
MEM2301-000095,1,1,1,-1,-1,-1,-1,-1,-1,
MEM2301-000096,1,1,1,-1,-1,-1,-1,-1,-1,
MEM2301-000097,1,1,1,-1,-1,-1,-1,-1,-1,
MEM2301-000099,1,1,1,-1,-1,-1,-1,-1,-1,
MEM2301-000100,1,1,1,2,2,1,2,1,2,
MEM2301-000103,1,1,1,2,2,2,2,2,2,
MEM2301-000106,1,1,1,-1,-1,-1,-1,-1,-1,
MEM2301-000107,1,1,1,2,2,1,2,1,2,
MEM2301-000109,1,1,1,2,2,2,2,2,2,
4618,1,1,1,-1,-1,-1,-1,-1,-1,
4620,1,1,1,-1,-1,-1,-1,-1,-1,
4623,1,1,1,-1,-1,-1,-1,-1,-1,
4626,1,1,1,-1,-1,-1,-1,-1,-1,
4629,1,1,1,-1,-1,-1,-1,-1,-1,
4633,-1,1,1,-1,-1,-1,-1,-1,-1,
4643,1,1,1,-1,-1,-1,-1,-1,-1,
4636,-1,-1,1,-1,-1,-1,-1,-1,-1,
4637,1,1,1,-1,-1,-1,-1,-1,-1,
4649,1,1,1,-1,-1,-1,-1,-1,-1,
4651,1,1,1,-1,-1,-1,-1,-1,-1,
4654,1,1,1,-1,-1,-1,-1,-1,-1,
2096,1,1,1,-1,-1,-1,-1,-1,-1,
2098,1,1,1,-1,-1,-1,-1,-1,-1,
2104,1,1,1,-1,-1,-1,-1,-1,-1,
4451,1,1,1,-1,-1,-1,-1,-1,-1,
4452,1,1,1,-1,-1,-1,-1,-1,-1,
3987,1,1,1,-1,-1,-1,-1,-1,-1,
3988,1,1,1,-1,-1,-1,-1,-1,-1,
4453,1,1,1,-1,-1,-1,-1,-1,-1,
4455,1,1,1,-1,-1,-1,-1,-1,-1,
4456,1,1,1,-1,-1,-1,-1,-1,-1,
3990,-1,-1,1,-1,-1,-1,-1,-1,-1,
3997,1,1,1,-1,-1,-1,-1,-1,-1,
4560,1,1,1,-1,-1,-1,-1,-1,-1,
4631,1,1,1,-1,-1,-1,-1,-1,-1,
3829,1,1,1,-1,-1,-1,-1,-1,-1,
4657,1,1,1,-1,-1,-1,-1,-1,-1,
4658,1,1,1,-1,-1,-1,-1,-1,-1,
1701,1,1,1,-1,-1,-1,-1,-1,-1,
3999,-1,-1,1,-1,-1,-1,-1,-1,-1,
1702,1,1,1,-1,-1,-1,-1,-1,-1,
4666,1,1,1,-1,-1,-1,-1,-1,-1,
1298,1,1,1,-1,-1,-1,-1,-1,-1,
1715,1,1,1,-1,-1,-1,-1,-1,-1,
3756,1,1,1,-1,-1,-1,-1,-1,-1,
3749,2,1,1,-1,-1,-1,-1,-1,-1,
3754,1,1,1,-1,-1,-1,-1,-1,-1,
3806,-1,-1,1,-1,-1,-1,-1,-1,-1,
3807,1,1,1,-1,-1,-1,-1,-1,-1,
3810,1,1,1,-1,-1,-1,-1,-1,-1,
3874,1,1,1,-1,-1,-1,-1,-1,-1,
3812,1,1,1,-1,-1,-1,-1,-1,-1,
3814,1,1,1,-1,-1,-1,-1,-1,-1,
3816,1,1,1,-1,-1,-1,-1,-1,-1,
3825,1,1,1,-1,-1,-1,-1,-1,-1,
3878,1,1,1,-1,-1,-1,-1,-1,-1,
3852,1,1,1,-1,-1,-1,-1,-1,-1,
3883,1,1,1,-1,-1,-1,-1,-1,-1,
3855,1,1,1,-1,-1,-1,-1,-1,-1,
3886,1,1,1,-1,-1,-1,-1,-1,-1,
3858,1,1,1,-1,-1,-1,-1,-1,-1,
3894,1,1,1,-1,-1,-1,-1,-1,-1,
3867,2,2,1,-1,-1,-1,-1,-1,-1,
3896,1,1,1,-1,-1,-1,-1,-1,-1,
3898,1,-1,1,-1,-1,-1,-1,-1,-1,
3899,1,1,1,-1,-1,-1,-1,-1,-1,
3873,1,1,1,-1,-1,-1,-1,-1,-1,
2024,2,2,1,-1,-1,-1,-1,-1,-1,
2026,1,1,1,-1,-1,-1,-1,-1,-1,
3903,1,1,1,-1,-1,-1,-1,-1,-1,
3764,1,1,1,-1,-1,-1,-1,-1,-1,
3766,1,1,1,-1,-1,-1,-1,-1,-1,
3769,1,1,1,-1,-1,-1,-1,-1,-1,
3770,1,1,1,-1,-1,-1,-1,-1,-1,
3906,1,1,1,-1,-1,-1,-1,-1,-1,
3777,1,1,1,-1,-1,-1,-1,-1,-1,
2029,1,1,1,-1,-1,-1,-1,-1,-1,
3909,1,1,1,-1,-1,-1,-1,-1,-1,
3912,1,1,1,-1,-1,-1,-1,-1,-1,
2034,1,1,1,-1,-1,-1,-1,-1,-1,
2035,1,1,1,-1,-1,-1,-1,-1,-1,
3914,1,1,1,-1,-1,-1,-1,-1,-1,
2039,1,1,1,-1,-1,-1,-1,-1,-1,
3918,1,1,1,-1,-1,-1,-1,-1,-1,
2047,1,1,1,-1,-1,-1,-1,-1,-1,
3794,1,1,1,-1,-1,-1,-1,-1,-1,
3723,1,1,1,-1,-1,-1,-1,-1,-1,
3718,1,1,1,-1,-1,-1,-1,-1,-1,
3930,1,1,1,-1,-1,-1,-1,-1,-1,
3800,1,1,1,-1,-1,-1,-1,-1,-1,
3684,1,1,1,-1,-1,-1,-1,-1,-1,
3803,-1,-1,1,-1,-1,-1,-1,-1,-1,
3933,1,1,1,-1,-1,-1,-1,-1,-1,
4045,1,1,1,-1,-1,-1,-1,-1,-1,
3716,1,1,1,-1,-1,-1,-1,-1,-1,
3804,1,1,1,-1,-1,-1,-1,-1,-1,
7716,1,1,1,-1,-1,-1,-1,-1,-1,
3935,1,1,1,-1,-1,-1,-1,-1,-1,
3805,1,-1,1,-1,-1,-1,-1,-1,-1,
3656,1,1,1,-1,-1,-1,-1,-1,-1,
3658,1,1,1,-1,-1,-1,-1,-1,-1,
3660,1,1,1,-1,-1,-1,-1,-1,-1,
3661,1,1,1,-1,-1,-1,-1,-1,-1,
3827,1,1,1,-1,-1,-1,-1,-1,-1,
3668,1,1,1,-1,-1,-1,-1,-1,-1,
3672,1,1,1,-1,-1,-1,-1,-1,-1,
3673,1,1,1,-1,-1,-1,-1,-1,-1,
3833,1,1,1,-1,-1,-1,-1,-1,-1,
3956,1,2,1,-1,-1,-1,-1,-1,-1,
3834,1,1,1,-1,-1,-1,-1,-1,-1,
3961,1,1,1,-1,-1,-1,-1,-1,-1,
3964,1,1,1,-1,-1,-1,-1,-1,-1,
3967,1,1,1,-1,-1,-1,-1,-1,-1,
3968,2,1,1,-1,-1,-1,-1,-1,-1,
3978,2,2,1,-1,-1,-1,-1,-1,-1,
3843,1,1,1,-1,-1,-1,-1,-1,-1,
3980,1,1,1,-1,-1,-1,-1,-1,-1,
3690,1,1,1,-1,-1,-1,-1,-1,-1,
3845,1,1,1,-1,-1,-1,-1,-1,-1,
3981,1,1,1,-1,-1,-1,-1,-1,-1,
3985,1,1,1,-1,-1,-1,-1,-1,-1,
4246,1,1,1,-1,-1,-1,-1,-1,-1,
3694,1,1,1,-1,-1,-1,-1,-1,-1,
2042,1,1,1,-1,-1,-1,-1,-1,-1,
3696,1,-1,1,-1,-1,-1,-1,-1,-1,
2119,1,1,1,-1,-1,-1,-1,-1,-1,
2125,-1,-1,1,-1,-1,-1,-1,-1,-1,
2137,1,1,1,-1,-1,-1,-1,-1,-1,
2195,1,1,1,-1,-1,-1,-1,-1,-1,
MEM1901-001149,1,1,1,-1,-1,-1,-1,-1,-1,
MEM1901-001153,1,-1,1,-1,-1,-1,-1,-1,-1,
MEM1901-001215,1,1,-1,-1,-1,-1,-1,-1,-1,
MEM1901-001249,1,1,1,-1,-1,-1,-1,-1,-1,
MEM1901-001169,1,2,2,2,2,2,2,2,1,
MEM1901-001428,1,1,1,1,-1,-1,-1,-1,-1,
MEM1901-001501,1,1,1,-1,-1,-1,-1,-1,-1,
MEM2101-000208,1,1,1,-1,-1,-1,-1,-1,-1,
MEM2201-000005,1,1,1,2,2,1,-1,-1,-1,
MEM2201-000028,1,1,1,-1,-1,-1,-1,-1,-1,
MEM2201-000029,1,1,1,-1,-1,-1,-1,-1,-1,
MEM2201-000109,1,1,1,2,2,1,-1,-1,-1,
MEM2201-000117,1,1,-1,-1,-1,1,-1,1,-1,
MEM2201-000138,1,1,1,2,2,2,-1,-1,-1,
MEM2201-000171,1,1,1,-1,-1,1,-1,-1,-1,
MEM2201-000173,1,2,2,2,2,1,2,2,2,LEAVE AND LICENSE AGR.SUBMITTED
MEM2201-000210,1,1,1,2,2,2,2,2,-1,
MEM2201-000248,1,1,1,-1,-1,-1,-1,1,-1,
MEM2301-000019,1,1,1,2,2,1,2,2,2,
MEM2301-000071,1,1,1,-1,-1,-1,-1,-1,-1,
MEM2301-000074,1,1,1,-1,-1,-1,-1,-1,-1,
MEM2301-000085,1,1,1,2,2,2,2,2,2,
MEM2301-000086,1,1,1,-1,-1,-1,-1,-1,-1,
MEM2301-000091,1,1,1,2,2,1,2,2,2,
MEM2301-000104,1,1,1,2,2,2,2,2,2,
MEM2301-000110,1,1,1,2,2,2,2,2,2,
MEM2301-000112,1,1,1,-1,-1,-1,-1,-1,-1,
MEM2301-000116,1,1,1,-1,-1,-1,-1,-1,-1,
MEM2301-000118,1,1,1,-1,-1,-1,-1,-1,-1,
MEM2301-000119,1,1,1,-1,-1,-1,-1,-1,-1,
MEM2301-000121,1,1,1,-1,-1,-1,-1,-1,-1,
MEM2301-000122,1,1,1,2,2,1,2,1,2,
MEM2301-000124,1,1,1,-1,-1,-1,-1,-1,-1,
MEM2301-000126,1,1,-1,-1,-1,1,-1,-1,-1,
MEM2301-000125,1,1,1,2,-1,-1,-1,-1,-1,
MEM2301-000127,1,1,1,-1,-1,-1,-1,-1,-1,
MEM2301-000128,1,1,1,-1,-1,-1,-1,-1,-1,
MEM2301-000130,1,1,1,-1,-1,-1,-1,-1,-1,
MEM2301-000132,1,1,1,2,2,1,2,2,2,
MEM2301-000133,1,1,1,-1,-1,-1,-1,-1,-1,NEW MEMBER
MEM2301-000136,1,1,1,-1,-1,-1,-1,-1,-1,
MEM2301-000138,1,1,1,2,2,2,2,2,2,
MEM2301-000140,1,1,1,2,2,1,2,2,2,
MEM2301-000141,1,1,1,-1,-1,-1,-1,-1,-1,
MEM2301-000144,1,1,1,-1,-1,1,-1,-1,-1,
MEM2301-000146,1,1,1,-1,-1,-1,-1,-1,-1,
MEM2301-000147,1,1,1,-1,-1,1,-1,-1,-1,
MEM2301-000151,1,1,1,-1,-1,-1,-1,-1,-1,
MEM2301-000152,1,1,1,-1,-1,-1,-1,-1,-1,
MEM2301-000153,1,1,1,-1,-1,1,-1,-1,-1,
MEM2301-000158,1,1,1,-1,-1,-1,-1,-1,-1,
MEM2301-000159,1,1,1,-1,-1,-1,-1,-1,-1,
MEM2301-000161,1,1,1,-1,-1,-1,-1,-1,-1,
MEM2301-000164,1,1,1,2,2,2,2,2,2,
MEM2301-000165,1,1,1,-1,-1,1,-1,-1,-1,
MEM2301-000166,1,1,1,2,2,1,2,2,2,
MEM2301-000170,1,1,1,-1,-1,-1,-1,1,-1,
MEM2301-000173,1,1,1,-1,-1,-1,-1,-1,-1,
MEM2301-000174,1,1,1,-1,-1,-1,-1,-1,-1,
MEM2301-000176,1,1,1,-1,-1,1,-1,-1,-1,
MEM2301-000179,1,1,1,-1,-1,-1,-1,-1,-1,
MEM2301-000180,2,1,1,2,2,2,2,1,2,
MEM2301-000181,-1,1,-1,-1,-1,1,1,-1,-1,
MEM2301-000182,1,1,1,2,2,2,2,1,2,
MEM2301-000184,1,1,1,-1,-1,-1,-1,-1,-1,
MEM2301-000187,1,1,1,2,2,1,2,2,2,
MEM2301-000188,1,1,1,2,2,1,2,1,2,
MEM2301-000193,1,1,1,2,2,1,2,2,2,
MEM2301-000196,1,1,1,2,2,1,2,2,2,
MEM2301-000198,1,1,-1,-1,-1,-1,-1,1,1,
MEM2301-000199,-1,-1,-1,-1,-1,-1,-1,-1,-1,
MEM2301-000201,-1,-1,-1,-1,-1,-1,-1,-1,-1,
MEM2301-000202,-1,-1,-1,-1,-1,-1,-1,-1,-1,
4624,1,1,1,-1,-1,-1,-1,-1,-1,
4641,1,1,1,-1,-1,-1,-1,-1,-1,
4648,1,1,1,-1,-1,-1,-1,-1,-1,
4652,1,1,1,-1,-1,-1,-1,-1,-1,
3998,1,1,1,-1,-1,-1,-1,-1,-1,
1705,1,1,1,-1,-1,-1,-1,-1,-1,
4284,-1,-1,1,-1,-1,-1,-1,-1,-1,
3752,1,-1,1,-1,-1,-1,-1,-1,-1,
3808,1,1,1,-1,-1,-1,-1,-1,-1,
3849,1,1,1,-1,-1,-1,-1,-1,-1,
3864,1,1,1,-1,-1,-1,-1,-1,-1,
3907,1,1,1,-1,-1,-1,-1,-1,-1,
3870,1,1,1,-1,-1,-1,-1,-1,-1,
2025,1,1,1,-1,-1,-1,-1,-1,-1,
3765,1,1,1,-1,-1,-1,-1,-1,-1,
3771,1,1,1,-1,-1,-1,-1,-1,-1,
3923,1,1,1,-1,-1,-1,-1,-1,-1,
3928,1,1,1,-1,-1,-1,-1,-1,-1,
3798,1,1,1,-1,-1,-1,-1,-1,-1,
4043,1,1,1,-1,-1,-1,-1,-1,-1,
3666,1,1,1,-1,-1,-1,-1,-1,-1,
3949,1,1,1,-1,-1,-1,-1,-1,-1,
3831,1,1,1,-1,-1,-1,-1,-1,-1,
1290,1,1,1,-1,-1,-1,-1,-1,-1,
4139,2,2,1,-1,-1,-1,-1,-1,-1,
3838,1,1,1,-1,-1,-1,-1,-1,-1,
3966,1,1,1,-1,-1,-1,-1,-1,-1,
3977,1,1,1,-1,-1,-1,-1,-1,-1,
3984,1,1,1,-1,-1,-1,-1,-1,-1,
3695,1,1,1,-1,-1,-1,-1,-1,-1,
2124,-1,-1,1,-1,-1,-1,-1,-1,-1,
2135,1,1,1,-1,-1,-1,-1,-1,-1,
2167,-1,1,1,-1,-1,-1,-1,-1,-1,
3701,1,1,1,-1,-1,-1,-1,-1,-1,
2050,1,1,1,-1,-1,-1,-1,-1,-1,
2058,1,1,1,-1,-1,-1,-1,-1,-1,
2067,1,1,1,-1,-1,-1,-1,-1,-1,
2287,2,2,1,-1,-1,-1,-1,-1,-1,
4005,1,1,1,-1,-1,-1,-1,-1,-1,
4204,2,2,1,-1,-1,-1,-1,-1,-1,
MEM1901-001082,1,1,-1,1,-1,-1,-1,-1,-1,
MEM1901-001106,1,1,1,-1,-1,-1,-1,-1,-1,
MEM1901-001227,1,1,1,2,2,2,2,2,2,
MEM1901-001171,1,1,1,2,2,2,2,2,2,
MEM1901-001016,2,1,-1,-1,-1,-1,-1,-1,-1,
MEM2001-000003,1,1,2,2,2,2,2,2,2,
MEM2001-000059,1,1,1,-1,-1,-1,-1,-1,-1,
MEM2201-000027,1,1,1,-1,-1,-1,-1,-1,-1,
MEM2201-000038,1,1,1,-1,-1,-1,-1,-1,-1,
MEM2201-000064,1,1,1,-1,-1,-1,-1,-1,-1,
MEM2201-000129,1,1,1,-1,-1,1,-1,-1,-1,
MEM2201-000134,1,1,1,-1,-1,1,-1,-1,-1,
MEM2201-000139,1,1,1,-1,-1,1,-1,1,-1,
MEM2201-000180,-1,1,1,-1,-1,-1,-1,-1,-1,
MEM2201-000191,2,1,1,-1,-1,1,-1,-1,-1,
MEM2201-000240,1,1,1,2,-1,1,-1,-1,-1,
MEM2201-000261,1,1,2,-1,-1,-1,-1,-1,-1,
MEM2201-000266,1,1,1,-1,-1,-1,-1,-1,-1,
MEM2201-000268,1,1,1,-1,-1,1,2,-1,-1,
MEM2201-000271,1,1,2,-1,-1,-1,1,-1,-1,
MEM2301-000016,1,1,-1,1,-1,1,-1,-1,-1,
MEM2301-000033,1,1,1,-1,-1,-1,-1,-1,-1,
MEM2301-000044,1,2,1,2,2,1,2,1,2,
MEM2301-000058,1,1,1,2,2,1,2,2,2,
MEM2301-000070,1,1,1,-1,-1,-1,-1,-1,-1,
MEM2301-000105,1,1,1,-1,-1,1,-1,-1,-1,
MEM2301-000111,1,1,1,-1,-1,-1,-1,-1,-1,
MEM2301-000114,1,1,1,2,2,2,2,2,2,
MEM2301-000117,1,1,1,-1,-1,-1,-1,-1,-1,
MEM2301-000129,1,1,1,-1,-1,-1,-1,-1,-1,
MEM2301-000134,1,1,1,-1,-1,1,-1,-1,-1,
MEM2301-000142,1,-1,1,-1,-1,-1,-1,-1,-1,
MEM2301-000148,1,1,1,-1,-1,-1,-1,-1,-1,
MEM2301-000149,1,1,1,-1,-1,-1,-1,-1,-1,
MEM2301-000154,1,1,1,-1,-1,1,-1,1,-1,
MEM2301-000157,1,1,1,2,-1,-1,-1,-1,-1,
MEM2301-000160,1,1,1,2,2,2,2,1,2,
MEM2301-000163,1,1,1,-1,-1,-1,-1,-1,-1,
MEM2301-000172,1,1,1,-1,-1,1,-1,-1,-1,
MEM2301-000186,1,1,1,-1,-1,-1,-1,-1,-1,
MEM2301-000189,1,1,1,-1,-1,-1,-1,-1,-1,
MEM2301-000191,-1,-1,-1,-1,-1,-1,-1,-1,-1,
MEM2301-000197,1,1,-1,-1,-1,1,-1,-1,-1,
MEM2301-000200,1,1,1,-1,-1,1,-1,1,-1,
MEM2301-000208,-1,-1,-1,-1,-1,-1,-1,-1,-1,
MEM2301-000209,-1,-1,-1,-1,-1,-1,-1,-1,-1,
MEM2301-000210,-1,-1,-1,-1,-1,-1,-1,-1,-1,
MEM2301-000211,1,1,1,-1,-1,-1,-1,-1,-1,
MEM2301-000213,-1,-1,-1,-1,-1,-1,-1,-1,-1,
MEM2301-000214,1,1,1,-1,-1,-1,-1,-1,-1,
MEM2301-000216,1,1,1,-1,-1,-1,-1,-1,-1,
MEM2301-000220,1,1,1,-1,-1,1,-1,-1,-1,
MEM2301-000223,1,1,1,-1,-1,1,-1,-1,-1,
MEM2301-000225,1,1,1,2,2,2,2,2,2,
MEM2301-000227,1,1,1,-1,-1,1,-1,-1,-1,
MEM2301-000229,1,1,1,-1,-1,-1,-1,-1,-1,
MEM2301-000231,-1,-1,-1,-1,-1,-1,-1,-1,-1,
MEM2301-000233,1,1,1,-1,-1,-1,-1,-1,-1,
MEM2301-000234,1,1,1,-1,-1,-1,-1,-1,-1,
MEM2301-000239,-1,-1,-1,-1,-1,-1,-1,-1,-1,
MEM2301-000243,-1,-1,-1,-1,-1,-1,-1,-1,-1,
MEM2301-000245,1,1,1,-1,-1,-1,-1,-1,-1,
MEM2301-000249,1,1,1,-1,-1,-1,-1,-1,-1,
MEM2301-000248,-1,-1,-1,-1,-1,-1,-1,-1,-1,
MEM2301-000251,-1,-1,-1,-1,-1,-1,-1,-1,-1,
MEM2301-000252,-1,-1,-1,-1,-1,-1,-1,-1,-1,
MEM2301-000256,-1,-1,-1,-1,-1,-1,-1,-1,-1,
MEM2301-000259,1,1,1,-1,-1,1,1,-1,-1,
MEM2301-000260,-1,-1,-1,-1,-1,-1,-1,-1,-1,
MEM2301-000261,-1,-1,-1,-1,-1,-1,-1,-1,-1,
MEM2301-000262,1,1,1,-1,-1,-1,-1,-1,-1,
MEM2301-000263,1,1,1,2,2,2,2,2,2,
MEM2301-000268,1,1,1,2,2,2,2,2,2,
MEM2301-000274,1,1,1,2,2,2,2,2,2,
MEM2301-000294,1,1,1,-1,-1,1,-1,-1,-1,
MEM2301-000299,1,1,1,-1,-1,1,-1,1,-1,
MEM2301-000348,1,1,1,2,2,1,2,2,2,
MEM2301-000360,-1,-1,-1,-1,-1,-1,-1,-1,-1,
MEM2301-000361,1,1,1,2,2,2,2,2,2,
MEM2301-000362,-1,-1,-1,-1,-1,-1,-1,-1,-1,
3795,-1,-1,1,-1,-1,-1,-1,-1,-1,
3659,1,1,1,-1,-1,-1,-1,-1,-1,
3955,1,2,1,-1,-1,-1,-1,-1,-1,
3832,1,1,1,-1,-1,-1,-1,-1,-1,
3678,1,1,1,-1,-1,-1,-1,-1,-1,
3979,1,1,1,-1,-1,-1,-1,-1,-1,
3844,1,1,1,-1,-1,-1,-1,-1,-1,
3693,1,2,1,-1,-1,-1,-1,-1,-1,
2046,1,1,1,-1,-1,-1,-1,-1,-1,
2118,1,-1,1,-1,-1,-1,-1,-1,-1,
2123,1,1,1,-1,-1,-1,-1,-1,-1,
2126,1,1,1,-1,-1,-1,-1,-1,-1,
2146,1,1,1,-1,-1,-1,-1,-1,-1,
2173,1,1,1,-1,-1,-1,-1,-1,-1,
2179,1,1,1,-1,-1,-1,-1,-1,-1,
2051,1,1,1,-1,-1,-1,-1,-1,-1,
3706,1,1,1,-1,-1,-1,-1,-1,-1,
4012,-1,1,1,-1,-1,-1,-1,-1,-1,
2088,1,1,1,-1,-1,-1,-1,-1,-1,
4017,-1,1,1,-1,-1,-1,-1,-1,-1,
2061,1,1,1,-1,-1,-1,-1,-1,-1,
2072,1,1,1,-1,-1,-1,-1,-1,-1,
4032,1,1,1,-1,-1,-1,-1,-1,-1,
2078,1,1,1,-1,-1,-1,-1,-1,-1,
3640,1,1,1,-1,-1,-1,-1,-1,-1,
4224,1,1,1,-1,-1,-1,-1,-1,-1,
MEM1901-001084,1,1,1,-1,-1,-1,-1,1,-1,
MEM1901-001085,1,1,-1,-1,-1,-1,-1,-1,-1,
MEM1901-001150,1,1,1,-1,-1,-1,-1,1,-1,
MEM1901-001251,1,1,1,-1,-1,-1,-1,-1,-1,
MEM1901-001346,1,1,1,-1,-1,-1,-1,-1,-1,
MEM1901-001330,1,1,1,-1,-1,-1,-1,-1,-1,
MEM1901-001323,1,1,1,-1,-1,-1,-1,-1,-1,
MEM1901-001291,1,1,1,2,-1,-1,-1,-1,-1,
MEM1901-001433,1,1,-1,-1,-1,-1,-1,-1,-1,
MEM1901-001456,2,1,1,1,1,2,2,2,-1,
MEM2001-000041,1,1,1,-1,-1,-1,-1,-1,-1,
MEM2001-000061,1,1,1,-1,-1,-1,-1,-1,-1,
MEM2001-000082,1,1,1,-1,1,-1,-1,-1,-1,
MEM2201-000045,1,1,1,-1,-1,-1,-1,1,-1,
MEM2201-000132,-1,1,1,1,-1,1,-1,-1,-1,
MEM2201-000143,1,1,-1,-1,-1,-1,-1,-1,-1,
MEM2201-000144,1,1,-1,-1,-1,-1,-1,-1,-1,
MEM2201-000201,1,1,1,2,2,2,2,2,2,
MEM2201-000213,1,1,-1,-1,-1,-1,-1,1,-1,
MEM2201-000246,1,1,1,-1,-1,-1,-1,1,-1,
MEM2301-000018,1,1,1,-1,-1,1,-1,-1,-1,
MEM2301-000041,1,1,1,-1,-1,-1,-1,-1,-1,
MEM2301-000062,1,1,1,-1,-1,-1,-1,-1,-1,
MEM2301-000113,1,1,1,-1,-1,-1,-1,-1,-1,
MEM2301-000219,1,1,1,-1,-1,-1,-1,1,-1,
MEM2301-000222,1,1,1,-1,-1,-1,-1,-1,-1,
MEM2301-000224,1,1,1,-1,-1,-1,-1,-1,-1,
MEM2301-000232,1,1,1,-1,-1,1,-1,-1,-1,
MEM2301-000235,1,1,1,-1,-1,-1,-1,-1,-1,
MEM2301-000250,-1,-1,-1,-1,-1,-1,-1,-1,-1,
MEM2301-000257,1,1,1,-1,-1,-1,-1,-1,-1,
MEM2301-000269,1,1,1,-1,-1,1,-1,1,-1,
MEM2301-000271,1,1,1,-1,-1,-1,-1,1,-1,
MEM2301-000353,1,1,1,2,2,2,2,2,2,
MEM2301-000355,1,1,1,-1,-1,-1,-1,-1,-1,
MEM2301-000364,1,1,-1,-1,-1,1,-1,-1,-1,
MEM2301-000366,1,1,1,2,2,1,2,2,2,
2132,1,1,1,-1,-1,-1,-1,-1,-1,
2142,1,-1,1,-1,-1,-1,-1,-1,-1,
2144,1,1,1,-1,-1,-1,-1,-1,-1,
2154,1,1,1,-1,-1,-1,-1,-1,-1,
2049,1,1,1,-1,-1,-1,-1,-1,-1,
2082,1,1,1,-1,-1,-1,-1,-1,-1,
4013,1,1,1,-1,-1,-1,-1,-1,-1,
4015,1,1,1,-1,-1,-1,-1,-1,-1,
2292,1,1,1,-1,-1,-1,-1,-1,-1,
4203,1,1,1,-1,-1,-1,-1,-1,-1,
4004,1,1,1,-1,-1,-1,-1,-1,-1,
MEM1901-001080,1,1,1,-1,-1,-1,-1,-1,-1,
MEM1901-001136,1,1,1,-1,-1,-1,-1,-1,-1,
MEM1901-001137,-1,1,1,-1,-1,-1,-1,-1,-1,
MEM1901-001179,1,1,1,-1,-1,-1,-1,-1,-1,
MEM1901-001176,1,1,-1,-1,-1,-1,-1,-1,-1,
MEM1901-001017,1,1,-1,-1,-1,-1,-1,-1,-1,
MEM1801-000344,1,1,-1,-1,-1,-1,-1,-1,-1,
MEM1801-000303,1,1,-1,-1,-1,-1,-1,-1,-1,
MEM1901-001303,1,1,2,2,2,2,2,2,2,
MEM1901-001286,1,1,1,-1,-1,-1,-1,-1,-1,
MEM1901-001284,1,1,1,-1,-1,-1,-1,-1,-1,
MEM1901-001283,1,1,1,-1,-1,-1,-1,-1,-1,
MEM1901-001281,1,1,1,-1,-1,-1,-1,-1,-1,
MEM1901-001482,1,1,-1,-1,-1,-1,-1,-1,-1,
MEM2001-000080,1,1,1,-1,-1,-1,-1,-1,-1,
59921,-1,1,1,-1,-1,1,-1,-1,-1,
MEM2201-000101,1,1,1,-1,-1,-1,-1,-1,-1,
MEM2201-000103,1,1,1,-1,-1,1,-1,-1,-1,
MEM2201-000105,1,1,1,-1,-1,-1,-1,-1,-1,
MEM2201-000112,1,1,-1,-1,-1,1,-1,-1,-1,
MEM2201-000176,1,1,1,2,2,1,2,2,-1,
MEM2201-000238,1,1,1,-1,-1,-1,-1,1,-1,
MEM2201-000241,1,1,1,-1,-1,-1,-1,-1,-1,
MEM2301-000108,1,1,1,2,2,2,2,1,2,
58130,1,1,1,-1,-1,-1,-1,-1,-1,
MEM2301-000242,-1,-1,-1,-1,-1,-1,-1,-1,-1,
MEM2301-000264,-1,-1,-1,-1,-1,-1,-1,-1,-1,
MEM2301-000354,1,1,1,-1,-1,-1,-1,-1,-1,
2134,-1,-1,1,-1,-1,-1,-1,-1,-1,
2143,1,1,1,-1,-1,-1,-1,-1,-1,
2151,1,-1,1,-1,-1,-1,-1,-1,-1,
2160,1,1,1,-1,-1,-1,-1,-1,-1,
2170,1,1,1,-1,-1,-1,-1,-1,-1,
2177,1,1,1,-1,-1,-1,-1,-1,-1,
2053,2,2,1,-1,-1,-1,-1,-1,-1,
2184,1,1,1,-1,-1,-1,-1,-1,-1,
3712,1,1,1,-1,-1,-1,-1,-1,-1,
2070,1,1,1,-1,-1,-1,-1,-1,-1,
2090,1,1,1,-1,-1,-1,-1,-1,-1,
4007,1,1,1,-1,-1,-1,-1,-1,-1,
3636,1,1,1,-1,-1,-1,-1,-1,-1,
3642,1,1,1,-1,-1,-1,-1,-1,-1,
MEM1901-001083,1,1,-1,-1,1,-1,-1,-1,-1,
MEM1901-001154,1,1,1,-1,-1,-1,-1,-1,-1,
MEM1901-001160,1,1,1,-1,-1,-1,-1,-1,-1,
MEM1901-001162,1,1,-1,-1,-1,-1,-1,-1,-1,
4763,1,1,2,2,2,2,2,2,2,
MEM1801-000304,1,1,1,-1,-1,-1,-1,-1,-1,
7371,1,1,1,2,2,2,2,2,2,
MEM1901-001321,1,1,1,-1,-1,-1,-1,-1,-1,
MEM1901-001381,1,1,1,-1,-1,-1,-1,-1,-1,
MEM1901-001396,1,1,-1,-1,1,-1,-1,-1,-1,
8218,1,1,2,2,2,2,2,2,2,
MEM1901-001508,1,1,1,-1,-1,-1,-1,1,-1,
MEM2201-000066,1,1,1,2,2,2,2,2,2,
MEM2201-000088,1,1,-1,-1,-1,-1,-1,-1,-1,DONE
MEM2201-000090,1,1,1,-1,-1,-1,-1,-1,-1,DONE
MEM2201-000223,1,1,1,2,2,2,2,1,2,
MEM2201-000250,1,1,1,2,2,2,2,2,2,
MEM2301-000014,1,1,1,-1,-1,1,-1,-1,-1,
MEM2301-000064,1,1,1,-1,-1,1,-1,-1,-1,
MEM2301-000079,1,1,1,-1,-1,-1,-1,-1,-1,
MEM2301-000098,1,1,1,2,2,1,2,2,2,
MEM2301-000131,1,1,1,-1,-1,-1,-1,-1,-1,
MEM2301-000230,1,1,1,-1,-1,-1,-1,-1,-1,
MEM2301-000253,-1,-1,-1,-1,-1,-1,-1,-1,-1,
MEM2301-000258,1,1,1,-1,-1,1,-1,-1,1,
2164,1,1,1,-1,-1,-1,-1,-1,-1,
2175,1,1,1,-1,-1,-1,-1,-1,-1,
2186,1,1,1,-1,-1,-1,-1,-1,-1,
3715,1,1,1,-1,-1,-1,-1,-1,-1,
2187,1,-1,1,-1,-1,-1,-1,-1,-1,
2073,1,2,1,-1,-1,-1,-1,-1,-1,
2062,1,2,1,-1,-1,-1,-1,-1,-1,
2074,1,1,1,-1,-1,-1,-1,-1,-1,
2080,1,1,1,-1,-1,-1,-1,-1,-1,
3638,2,2,1,-1,-1,-1,-1,-1,-1,
1492,2,2,1,-1,-1,-1,-1,-1,-1,
4010,1,1,1,-1,-1,-1,-1,-1,-1,
MEM1901-001086,1,1,1,-1,-1,-1,-1,-1,-1,
MEM1901-001115,1,1,1,-1,-1,-1,-1,-1,-1,
MEM1901-001245,1,1,1,-1,-1,-1,-1,-1,-1,
8137,1,1,2,2,2,2,2,2,2,
MEM1901-001505,1,1,1,-1,-1,-1,-1,-1,-1,
MEM1901-001506,1,1,1,-1,-1,-1,-1,-1,-1,
MEM2001-000042,1,1,2,2,2,2,2,2,2,
60029,1,-1,1,-1,-1,1,-1,-1,-1,
MEM2201-000072,1,1,1,-1,-1,-1,-1,-1,-1,
MEM2201-000098,1,1,-1,-1,-1,-1,-1,-1,-1,
MEM2201-000100,1,1,1,-1,-1,-1,-1,-1,-1,
MEM2201-000161,1,1,1,-1,-1,-1,-1,1,-1,SALARY  SILP
MEM2201-000225,1,1,-1,2,2,1,-1,-1,-1,
MEM2201-000226,1,1,-1,2,-1,2,2,-1,-1,
MEM2301-000047,1,1,1,-1,-1,1,-1,1,-1,
MEM2301-000135,1,1,1,-1,-1,-1,-1,-1,-1,
MEM2301-000155,1,1,1,-1,-1,1,-1,-1,-1,
MEM2301-000185,1,1,1,-1,-1,1,-1,-1,-1,
MEM2301-000203,1,1,1,2,2,2,2,2,2,
MEM2301-000212,1,1,-1,-1,-1,1,-1,1,-1,
MEM2301-000215,1,2,1,-1,-1,1,-1,1,-1,
MEM2301-000241,1,1,1,-1,-1,-1,-1,-1,-1,
MEM2301-000266,1,1,1,2,2,1,2,2,2,
MEM2301-000273,1,1,1,-1,-1,-1,-1,-1,-1,
MEM1901-001114,1,1,-1,-1,-1,-1,-1,-1,-1,
2016,1,1,-1,-1,-1,-1,-1,-1,-1,
MEM1901-001294,1,1,2,2,2,2,2,2,2,
MEM1901-001298,1,1,-1,-1,-1,-1,-1,-1,-1,
MEM1901-001499,1,1,1,-1,-1,-1,-1,-1,-1,
MEM1901-001038,1,1,-1,-1,-1,-1,-1,-1,-1,
MEM1901-001520,1,1,-1,1,-1,-1,-1,-1,-1,
MEM1901-001521,1,1,-1,1,-1,-1,-1,-1,-1,
MEM2001-000007,1,1,1,2,2,2,2,2,2,
MEM2001-000063,1,1,-1,1,-1,-1,-1,-1,-1,
MEM2001-000062,1,1,1,-1,-1,1,-1,-1,-1,
MEM2001-000064,1,1,-1,1,-1,-1,-1,-1,-1,
MEM2001-000065,1,1,-1,1,-1,-1,-1,-1,-1,
MEM2201-000032,1,1,1,-1,-1,1,-1,-1,-1,
MEM2201-000082,1,1,1,-1,-1,1,-1,-1,-1,
MEM2201-000153,-1,1,1,-1,-1,1,-1,1,-1,
MEM2201-000270,1,1,1,-1,-1,-1,-1,-1,-1,
MEM2301-000049,1,1,1,-1,-1,-1,-1,-1,-1,
MEM2301-000082,1,1,1,2,2,2,2,2,2,
MEM2301-000150,1,1,1,-1,-1,1,1,-1,-1,
MEM2301-000195,1,1,1,2,2,1,2,2,2,
MEM2301-000206,1,1,1,2,2,2,2,2,2,
MEM2301-000352,1,1,1,-1,-1,-1,-1,-1,-1,
MEM2201-000148,1,1,-1,-1,-1,-1,-1,-1,-1,
MEM2201-000154,-1,1,1,-1,-1,-1,-1,-1,-1,
MEM2201-000155,1,1,-1,-1,-1,-1,-1,-1,-1,
MEM2201-000177,1,1,1,2,2,1,2,1,2,
MEM2201-000209,1,1,1,2,2,1,2,2,2,
MEM2301-000035,1,1,1,-1,-1,-1,-1,-1,-1,
MEM2301-000039,1,1,1,2,2,2,2,2,2,
MEM2301-000042,1,1,1,-1,-1,-1,-1,-1,-1,
MEM2301-000162,1,1,1,-1,-1,-1,-1,-1,-1,
MEM2301-000169,1,1,1,-1,-1,-1,-1,-1,-1,
MEM2301-000171,1,1,1,-1,-1,1,-1,-1,-1,
MEM2301-000204,1,1,1,2,2,1,2,1,2,
MEM2301-000267,-1,-1,-1,-1,-1,-1,-1,-1,-1,
MEM2301-000270,1,1,1,2,2,2,2,2,2,
MEM2301-000356,-1,-1,-1,-1,-1,-1,-1,-1,-1,
MEM2301-000363,-1,-1,-1,-1,-1,-1,-1,-1,-1,
MEM2301-000192,1,1,1,2,2,2,2,2,2,
MEM2301-000236,1,1,1,-1,-1,1,-1,-1,-1,
MEM2301-000237,1,1,1,-1,-1,-1,-1,-1,-1,
MEM2301-000238,1,1,1,-1,-1,-1,-1,-1,-1,
MEM2301-000254,-1,-1,-1,-1,-1,-1,-1,-1,-1,
MEM2301-000265,1,1,1,2,2,2,2,2,2,
MEM2301-000275,1,1,1,-1,-1,-1,-1,-1,-1,
MEM2301-000276,1,1,1,2,2,2,2,2,2,
MEM2301-000278,1,1,1,2,2,2,2,2,-1,
MEM2301-000365,-1,-1,-1,-1,-1,-1,-1,-1,-1,
MEM2301-000240,1,1,1,-1,-1,1,-1,-1,-1,
MEM2301-000247,-1,-1,-1,-1,-1,-1,-1,-1,-1,
MEM2301-000255,-1,-1,-1,-1,-1,-1,-1,-1,-1,
MEM2301-000350,-1,-1,-1,-1,-1,-1,-1,-1,-1,
MEM2301-000367,1,1,1,2,2,1,2,2,2,
